region,regionGSSCode,period,Sales volume,reportingPeriod,avgPrice,date
London,E12000007,2000-01,11333,monthly,130411,01/01/2000
North East,E12000001,2000-01,2564,monthly,47604,01/01/2000
South East,E12000008,2000-01,12412,monthly,104358,01/01/2000
South West,E12000009,2000-01,7885,monthly,81381,01/01/2000
West Midlands Region,E12000005,2000-01,6080,monthly,63833,01/01/2000
London,E12000007,2000-02,11414,monthly,132705,01/02/2000
North East,E12000001,2000-02,2752,monthly,47757,01/02/2000
South East,E12000008,2000-02,13316,monthly,104721,01/02/2000
South West,E12000009,2000-02,8333,monthly,82595,01/02/2000
West Midlands Region,E12000005,2000-02,6650,monthly,64137,01/02/2000
London,E12000007,2000-03,14645,monthly,134286,01/03/2000
North East,E12000001,2000-03,4035,monthly,48678,01/03/2000
South East,E12000008,2000-03,17221,monthly,107765,01/03/2000
South West,E12000009,2000-03,10929,monthly,84214,01/03/2000
West Midlands Region,E12000005,2000-03,8887,monthly,64648,01/03/2000
London,E12000007,2000-04,12667,monthly,140670,01/04/2000
North East,E12000001,2000-04,3866,monthly,49463,01/04/2000
South East,E12000008,2000-04,16217,monthly,111947,01/04/2000
South West,E12000009,2000-04,10292,monthly,86912,01/04/2000
West Midlands Region,E12000005,2000-04,8051,monthly,66676,01/04/2000
London,E12000007,2000-05,13099,monthly,140862,01/05/2000
North East,E12000001,2000-05,4015,monthly,49780,01/05/2000
South East,E12000008,2000-05,16699,monthly,113099,01/05/2000
South West,E12000009,2000-05,10693,monthly,88141,01/05/2000
West Midlands Region,E12000005,2000-05,8506,monthly,67270,01/05/2000
London,E12000007,2000-06,14270,monthly,143542,01/06/2000
North East,E12000001,2000-06,4684,monthly,49003,01/06/2000
South East,E12000008,2000-06,18898,monthly,115640,01/06/2000
South West,E12000009,2000-06,11833,monthly,89406,01/06/2000
West Midlands Region,E12000005,2000-06,10020,monthly,68165,01/06/2000
London,E12000007,2000-07,13278,monthly,146228,01/07/2000
North East,E12000001,2000-07,4091,monthly,50416,01/07/2000
South East,E12000008,2000-07,17194,monthly,116597,01/07/2000
South West,E12000009,2000-07,10707,monthly,91214,01/07/2000
West Midlands Region,E12000005,2000-07,9127,monthly,68916,01/07/2000
London,E12000007,2000-08,12690,monthly,147284,01/08/2000
North East,E12000001,2000-08,4113,monthly,50702,01/08/2000
South East,E12000008,2000-08,16616,monthly,118743,01/08/2000
South West,E12000009,2000-08,10564,monthly,92258,01/08/2000
West Midlands Region,E12000005,2000-08,9019,monthly,69835,01/08/2000
London,E12000007,2000-09,11521,monthly,147316,01/09/2000
North East,E12000001,2000-09,4199,monthly,49432,01/09/2000
South East,E12000008,2000-09,14783,monthly,118166,01/09/2000
South West,E12000009,2000-09,9677,monthly,92647,01/09/2000
West Midlands Region,E12000005,2000-09,8790,monthly,69754,01/09/2000
London,E12000007,2000-10,11068,monthly,145626,01/10/2000
North East,E12000001,2000-10,4027,monthly,49501,01/10/2000
South East,E12000008,2000-10,14105,monthly,118370,01/10/2000
South West,E12000009,2000-10,9387,monthly,92617,01/10/2000
West Midlands Region,E12000005,2000-10,7744,monthly,69406,01/10/2000
London,E12000007,2000-11,11301,monthly,147666,01/11/2000
North East,E12000001,2000-11,3769,monthly,49024,01/11/2000
South East,E12000008,2000-11,14326,monthly,117929,01/11/2000
South West,E12000009,2000-11,9289,monthly,92584,01/11/2000
West Midlands Region,E12000005,2000-11,7871,monthly,70594,01/11/2000
London,E12000007,2000-12,11983,monthly,147483,01/12/2000
North East,E12000001,2000-12,4389,monthly,50362,01/12/2000
South East,E12000008,2000-12,15570,monthly,118983,01/12/2000
South West,E12000009,2000-12,10321,monthly,92016,01/12/2000
West Midlands Region,E12000005,2000-12,8656,monthly,71234,01/12/2000
London,E12000007,2001-01,10315,monthly,149543,01/01/2001
North East,E12000001,2001-01,2668,monthly,49837,01/01/2001
South East,E12000008,2001-01,11592,monthly,118668,01/01/2001
South West,E12000009,2001-01,7178,monthly,92100,01/01/2001
West Midlands Region,E12000005,2001-01,5867,monthly,71065,01/01/2001
London,E12000007,2001-02,9963,monthly,149776,01/02/2001
North East,E12000001,2001-02,2821,monthly,49045,01/02/2001
South East,E12000008,2001-02,11954,monthly,119198,01/02/2001
South West,E12000009,2001-02,7604,monthly,92717,01/02/2001
West Midlands Region,E12000005,2001-02,6124,monthly,71384,01/02/2001
London,E12000007,2001-03,12882,monthly,150941,01/03/2001
North East,E12000001,2001-03,4154,monthly,49587,01/03/2001
South East,E12000008,2001-03,15488,monthly,120770,01/03/2001
South West,E12000009,2001-03,10693,monthly,94674,01/03/2001
West Midlands Region,E12000005,2001-03,8282,monthly,72689,01/03/2001
London,E12000007,2001-04,12330,monthly,152865,01/04/2001
North East,E12000001,2001-04,4007,monthly,51735,01/04/2001
South East,E12000008,2001-04,16149,monthly,123754,01/04/2001
South West,E12000009,2001-04,10669,monthly,97798,01/04/2001
West Midlands Region,E12000005,2001-04,7752,monthly,74436,01/04/2001
London,E12000007,2001-05,13965,monthly,157156,01/05/2001
North East,E12000001,2001-05,4362,monthly,52412,01/05/2001
South East,E12000008,2001-05,18174,monthly,125086,01/05/2001
South West,E12000009,2001-05,11489,monthly,98508,01/05/2001
West Midlands Region,E12000005,2001-05,9202,monthly,75471,01/05/2001
London,E12000007,2001-06,15564,monthly,158760,01/06/2001
North East,E12000001,2001-06,5178,monthly,52266,01/06/2001
South East,E12000008,2001-06,20497,monthly,127693,01/06/2001
South West,E12000009,2001-06,13232,monthly,99762,01/06/2001
West Midlands Region,E12000005,2001-06,10469,monthly,76019,01/06/2001
London,E12000007,2001-07,16048,monthly,161122,01/07/2001
North East,E12000001,2001-07,4856,monthly,53353,01/07/2001
South East,E12000008,2001-07,20908,monthly,129751,01/07/2001
South West,E12000009,2001-07,13071,monthly,102517,01/07/2001
West Midlands Region,E12000005,2001-07,10007,monthly,76463,01/07/2001
London,E12000007,2001-08,17306,monthly,164628,01/08/2001
North East,E12000001,2001-08,5348,monthly,55425,01/08/2001
South East,E12000008,2001-08,22886,monthly,131743,01/08/2001
South West,E12000009,2001-08,14055,monthly,104465,01/08/2001
West Midlands Region,E12000005,2001-08,11534,monthly,78646,01/08/2001
London,E12000007,2001-09,13820,monthly,164820,01/09/2001
North East,E12000001,2001-09,4363,monthly,53720,01/09/2001
South East,E12000008,2001-09,17634,monthly,132693,01/09/2001
South West,E12000009,2001-09,11036,monthly,105619,01/09/2001
West Midlands Region,E12000005,2001-09,8874,monthly,78671,01/09/2001
London,E12000007,2001-10,14320,monthly,166189,01/10/2001
North East,E12000001,2001-10,4786,monthly,54201,01/10/2001
South East,E12000008,2001-10,18710,monthly,134038,01/10/2001
South West,E12000009,2001-10,11531,monthly,106765,01/10/2001
West Midlands Region,E12000005,2001-10,9858,monthly,78652,01/10/2001
London,E12000007,2001-11,14294,monthly,167214,01/11/2001
North East,E12000001,2001-11,5406,monthly,54769,01/11/2001
South East,E12000008,2001-11,18551,monthly,135285,01/11/2001
South West,E12000009,2001-11,11654,monthly,107209,01/11/2001
West Midlands Region,E12000005,2001-11,10494,monthly,79834,01/11/2001
London,E12000007,2001-12,11937,monthly,167693,01/12/2001
North East,E12000001,2001-12,4533,monthly,55879,01/12/2001
South East,E12000008,2001-12,16197,monthly,136468,01/12/2001
South West,E12000009,2001-12,10076,monthly,107601,01/12/2001
West Midlands Region,E12000005,2001-12,8973,monthly,80779,01/12/2001
London,E12000007,2002-01,10337,monthly,169841,01/01/2002
North East,E12000001,2002-01,3238,monthly,54746,01/01/2002
South East,E12000008,2002-01,12444,monthly,137154,01/01/2002
South West,E12000009,2002-01,7798,monthly,108960,01/01/2002
West Midlands Region,E12000005,2002-01,6658,monthly,80653,01/01/2002
London,E12000007,2002-02,10786,monthly,170502,01/02/2002
North East,E12000001,2002-02,3451,monthly,54983,01/02/2002
South East,E12000008,2002-02,13195,monthly,136801,01/02/2002
South West,E12000009,2002-02,8528,monthly,109637,01/02/2002
West Midlands Region,E12000005,2002-02,7379,monthly,80881,01/02/2002
London,E12000007,2002-03,13747,monthly,172749,01/03/2002
North East,E12000001,2002-03,4895,monthly,56509,01/03/2002
South East,E12000008,2002-03,17178,monthly,139425,01/03/2002
South West,E12000009,2002-03,11366,monthly,113298,01/03/2002
West Midlands Region,E12000005,2002-03,9880,monthly,83416,01/03/2002
London,E12000007,2002-04,14025,monthly,178218,01/04/2002
North East,E12000001,2002-04,4531,monthly,58178,01/04/2002
South East,E12000008,2002-04,17711,monthly,141861,01/04/2002
South West,E12000009,2002-04,11365,monthly,115278,01/04/2002
West Midlands Region,E12000005,2002-04,9200,monthly,85464,01/04/2002
London,E12000007,2002-05,17735,monthly,182805,01/05/2002
North East,E12000001,2002-05,6280,monthly,60166,01/05/2002
South East,E12000008,2002-05,23418,monthly,146013,01/05/2002
South West,E12000009,2002-05,14506,monthly,118717,01/05/2002
West Midlands Region,E12000005,2002-05,12502,monthly,88015,01/05/2002
London,E12000007,2002-06,14368,monthly,186038,01/06/2002
North East,E12000001,2002-06,4696,monthly,60958,01/06/2002
South East,E12000008,2002-06,18724,monthly,149123,01/06/2002
South West,E12000009,2002-06,11439,monthly,122468,01/06/2002
West Midlands Region,E12000005,2002-06,9611,monthly,90683,01/06/2002
London,E12000007,2002-07,18061,monthly,191162,01/07/2002
North East,E12000001,2002-07,5572,monthly,63302,01/07/2002
South East,E12000008,2002-07,23206,monthly,153199,01/07/2002
South West,E12000009,2002-07,13959,monthly,126349,01/07/2002
West Midlands Region,E12000005,2002-07,11814,monthly,92437,01/07/2002
London,E12000007,2002-08,17567,monthly,195333,01/08/2002
North East,E12000001,2002-08,5792,monthly,65025,01/08/2002
South East,E12000008,2002-08,23217,monthly,157672,01/08/2002
South West,E12000009,2002-08,13671,monthly,129887,01/08/2002
West Midlands Region,E12000005,2002-08,11753,monthly,95134,01/08/2002
London,E12000007,2002-09,15091,monthly,197045,01/09/2002
North East,E12000001,2002-09,4805,monthly,64455,01/09/2002
South East,E12000008,2002-09,18618,monthly,159843,01/09/2002
South West,E12000009,2002-09,10765,monthly,132198,01/09/2002
West Midlands Region,E12000005,2002-09,9688,monthly,96813,01/09/2002
London,E12000007,2002-10,14509,monthly,199092,01/10/2002
North East,E12000001,2002-10,5024,monthly,66049,01/10/2002
South East,E12000008,2002-10,18736,monthly,162290,01/10/2002
South West,E12000009,2002-10,11469,monthly,135148,01/10/2002
West Midlands Region,E12000005,2002-10,10090,monthly,98653,01/10/2002
London,E12000007,2002-11,14324,monthly,202527,01/11/2002
North East,E12000001,2002-11,5654,monthly,68494,01/11/2002
South East,E12000008,2002-11,18555,monthly,164980,01/11/2002
South West,E12000009,2002-11,11644,monthly,137401,01/11/2002
West Midlands Region,E12000005,2002-11,10638,monthly,100767,01/11/2002
London,E12000007,2002-12,13443,monthly,203437,01/12/2002
North East,E12000001,2002-12,4946,monthly,69491,01/12/2002
South East,E12000008,2002-12,17777,monthly,166939,01/12/2002
South West,E12000009,2002-12,10747,monthly,138960,01/12/2002
West Midlands Region,E12000005,2002-12,9745,monthly,102749,01/12/2002
London,E12000007,2003-01,11365,monthly,207162,01/01/2003
North East,E12000001,2003-01,3888,monthly,67520,01/01/2003
South East,E12000008,2003-01,13737,monthly,169024,01/01/2003
South West,E12000009,2003-01,8507,monthly,141452,01/01/2003
West Midlands Region,E12000005,2003-01,7434,monthly,104468,01/01/2003
London,E12000007,2003-02,10320,monthly,206464,01/02/2003
North East,E12000001,2003-02,3762,monthly,68396,01/02/2003
South East,E12000008,2003-02,12777,monthly,169132,01/02/2003
South West,E12000009,2003-02,7695,monthly,140641,01/02/2003
West Midlands Region,E12000005,2003-02,7275,monthly,104109,01/02/2003
London,E12000007,2003-03,10600,monthly,205573,01/03/2003
North East,E12000001,2003-03,4296,monthly,71926,01/03/2003
South East,E12000008,2003-03,12762,monthly,170871,01/03/2003
South West,E12000009,2003-03,7973,monthly,143651,01/03/2003
West Midlands Region,E12000005,2003-03,7602,monthly,107284,01/03/2003
London,E12000007,2003-04,10380,monthly,207953,01/04/2003
North East,E12000001,2003-04,4386,monthly,75588,01/04/2003
South East,E12000008,2003-04,13692,monthly,172240,01/04/2003
South West,E12000009,2003-04,8786,monthly,145317,01/04/2003
West Midlands Region,E12000005,2003-04,7781,monthly,108791,01/04/2003
London,E12000007,2003-05,11169,monthly,210583,01/05/2003
North East,E12000001,2003-05,5214,monthly,77026,01/05/2003
South East,E12000008,2003-05,14970,monthly,173815,01/05/2003
South West,E12000009,2003-05,9136,monthly,147079,01/05/2003
West Midlands Region,E12000005,2003-05,8829,monthly,111250,01/05/2003
London,E12000007,2003-06,11990,monthly,208941,01/06/2003
North East,E12000001,2003-06,5226,monthly,78789,01/06/2003
South East,E12000008,2003-06,15071,monthly,175525,01/06/2003
South West,E12000009,2003-06,9537,monthly,148955,01/06/2003
West Midlands Region,E12000005,2003-06,9142,monthly,111828,01/06/2003
London,E12000007,2003-07,13468,monthly,213806,01/07/2003
North East,E12000001,2003-07,5504,monthly,82819,01/07/2003
South East,E12000008,2003-07,17457,monthly,177245,01/07/2003
South West,E12000009,2003-07,10928,monthly,151149,01/07/2003
West Midlands Region,E12000005,2003-07,9720,monthly,114213,01/07/2003
London,E12000007,2003-08,14417,monthly,212692,01/08/2003
North East,E12000001,2003-08,5600,monthly,84389,01/08/2003
South East,E12000008,2003-08,18329,monthly,177730,01/08/2003
South West,E12000009,2003-08,11956,monthly,151746,01/08/2003
West Midlands Region,E12000005,2003-08,10411,monthly,117481,01/08/2003
London,E12000007,2003-09,14741,monthly,212901,01/09/2003
North East,E12000001,2003-09,5293,monthly,84723,01/09/2003
South East,E12000008,2003-09,18160,monthly,176384,01/09/2003
South West,E12000009,2003-09,11524,monthly,152814,01/09/2003
West Midlands Region,E12000005,2003-09,9881,monthly,116867,01/09/2003
London,E12000007,2003-10,15741,monthly,214608,01/10/2003
North East,E12000001,2003-10,6148,monthly,87372,01/10/2003
South East,E12000008,2003-10,20081,monthly,179187,01/10/2003
South West,E12000009,2003-10,13231,monthly,154585,01/10/2003
West Midlands Region,E12000005,2003-10,11359,monthly,118832,01/10/2003
London,E12000007,2003-11,14754,monthly,215556,01/11/2003
North East,E12000001,2003-11,5677,monthly,88701,01/11/2003
South East,E12000008,2003-11,19055,monthly,180240,01/11/2003
South West,E12000009,2003-11,12065,monthly,154304,01/11/2003
West Midlands Region,E12000005,2003-11,10563,monthly,120803,01/11/2003
London,E12000007,2003-12,14839,monthly,216971,01/12/2003
North East,E12000001,2003-12,5747,monthly,89552,01/12/2003
South East,E12000008,2003-12,20275,monthly,180699,01/12/2003
South West,E12000009,2003-12,12271,monthly,157032,01/12/2003
West Midlands Region,E12000005,2003-12,10875,monthly,123394,01/12/2003
London,E12000007,2004-01,12767,monthly,218855,01/01/2004
North East,E12000001,2004-01,3865,monthly,90994,01/01/2004
South East,E12000008,2004-01,15524,monthly,182139,01/01/2004
South West,E12000009,2004-01,9397,monthly,158495,01/01/2004
West Midlands Region,E12000005,2004-01,7782,monthly,122858,01/01/2004
London,E12000007,2004-02,12160,monthly,219804,01/02/2004
North East,E12000001,2004-02,4006,monthly,88520,01/02/2004
South East,E12000008,2004-02,14951,monthly,183091,01/02/2004
South West,E12000009,2004-02,9053,monthly,158169,01/02/2004
West Midlands Region,E12000005,2004-02,8319,monthly,124026,01/02/2004
London,E12000007,2004-03,14409,monthly,221324,01/03/2004
North East,E12000001,2004-03,4888,monthly,93021,01/03/2004
South East,E12000008,2004-03,16856,monthly,184545,01/03/2004
South West,E12000009,2004-03,10237,monthly,161520,01/03/2004
West Midlands Region,E12000005,2004-03,9281,monthly,125958,01/03/2004
London,E12000007,2004-04,14873,monthly,225863,01/04/2004
North East,E12000001,2004-04,5809,monthly,99508,01/04/2004
South East,E12000008,2004-04,19484,monthly,186611,01/04/2004
South West,E12000009,2004-04,12318,monthly,165311,01/04/2004
West Midlands Region,E12000005,2004-04,10496,monthly,129480,01/04/2004
London,E12000007,2004-05,13613,monthly,227330,01/05/2004
North East,E12000001,2004-05,5267,monthly,102162,01/05/2004
South East,E12000008,2004-05,18081,monthly,189893,01/05/2004
South West,E12000009,2004-05,11178,monthly,168379,01/05/2004
West Midlands Region,E12000005,2004-05,9982,monthly,131961,01/05/2004
London,E12000007,2004-06,16163,monthly,230156,01/06/2004
North East,E12000001,2004-06,6201,monthly,106437,01/06/2004
South East,E12000008,2004-06,20246,monthly,192250,01/06/2004
South West,E12000009,2004-06,12566,monthly,172331,01/06/2004
West Midlands Region,E12000005,2004-06,10830,monthly,136181,01/06/2004
London,E12000007,2004-07,17612,monthly,233877,01/07/2004
North East,E12000001,2004-07,6208,monthly,110089,01/07/2004
South East,E12000008,2004-07,21788,monthly,194728,01/07/2004
South West,E12000009,2004-07,13212,monthly,175460,01/07/2004
West Midlands Region,E12000005,2004-07,12045,monthly,138858,01/07/2004
London,E12000007,2004-08,15020,monthly,234836,01/08/2004
North East,E12000001,2004-08,5153,monthly,111699,01/08/2004
South East,E12000008,2004-08,19631,monthly,198248,01/08/2004
South West,E12000009,2004-08,11273,monthly,176345,01/08/2004
West Midlands Region,E12000005,2004-08,10316,monthly,140986,01/08/2004
London,E12000007,2004-09,13500,monthly,234134,01/09/2004
North East,E12000001,2004-09,4582,monthly,110489,01/09/2004
South East,E12000008,2004-09,16683,monthly,197736,01/09/2004
South West,E12000009,2004-09,9610,monthly,178524,01/09/2004
West Midlands Region,E12000005,2004-09,8760,monthly,141105,01/09/2004
London,E12000007,2004-10,12031,monthly,232287,01/10/2004
North East,E12000001,2004-10,4650,monthly,112205,01/10/2004
South East,E12000008,2004-10,15377,monthly,197557,01/10/2004
South West,E12000009,2004-10,9273,monthly,178088,01/10/2004
West Midlands Region,E12000005,2004-10,8606,monthly,142228,01/10/2004
London,E12000007,2004-11,10790,monthly,234718,01/11/2004
North East,E12000001,2004-11,3883,monthly,109566,01/11/2004
South East,E12000008,2004-11,13754,monthly,199497,01/11/2004
South West,E12000009,2004-11,8007,monthly,179185,01/11/2004
West Midlands Region,E12000005,2004-11,7595,monthly,142444,01/11/2004
London,E12000007,2004-12,10859,monthly,230185,01/12/2004
North East,E12000001,2004-12,4199,monthly,113511,01/12/2004
South East,E12000008,2004-12,13851,monthly,197794,01/12/2004
South West,E12000009,2004-12,7834,monthly,177553,01/12/2004
West Midlands Region,E12000005,2004-12,7816,monthly,142696,01/12/2004
London,E12000007,2005-01,8020,monthly,232422,01/01/2005
North East,E12000001,2005-01,2559,monthly,111474,01/01/2005
South East,E12000008,2005-01,9243,monthly,195620,01/01/2005
South West,E12000009,2005-01,5481,monthly,175838,01/01/2005
West Midlands Region,E12000005,2005-01,4909,monthly,140028,01/01/2005
London,E12000007,2005-02,7829,monthly,231321,01/02/2005
North East,E12000001,2005-02,2752,monthly,110454,01/02/2005
South East,E12000008,2005-02,9441,monthly,196482,01/02/2005
South West,E12000009,2005-02,5814,monthly,176020,01/02/2005
West Midlands Region,E12000005,2005-02,5427,monthly,141548,01/02/2005
London,E12000007,2005-03,9361,monthly,231263,01/03/2005
North East,E12000001,2005-03,3359,monthly,112596,01/03/2005
South East,E12000008,2005-03,11332,monthly,196494,01/03/2005
South West,E12000009,2005-03,6952,monthly,176376,01/03/2005
West Midlands Region,E12000005,2005-03,6491,monthly,141930,01/03/2005
London,E12000007,2005-04,10290,monthly,235367,01/04/2005
North East,E12000001,2005-04,4117,monthly,115579,01/04/2005
South East,E12000008,2005-04,13136,monthly,197998,01/04/2005
South West,E12000009,2005-04,8445,monthly,177112,01/04/2005
West Midlands Region,E12000005,2005-04,7712,monthly,143202,01/04/2005
London,E12000007,2005-05,10649,monthly,235685,01/05/2005
North East,E12000001,2005-05,4157,monthly,117007,01/05/2005
South East,E12000008,2005-05,13834,monthly,198849,01/05/2005
South West,E12000009,2005-05,8434,monthly,177973,01/05/2005
West Midlands Region,E12000005,2005-05,7633,monthly,144167,01/05/2005
London,E12000007,2005-06,12308,monthly,235899,01/06/2005
North East,E12000001,2005-06,4474,monthly,118615,01/06/2005
South East,E12000008,2005-06,16154,monthly,199220,01/06/2005
South West,E12000009,2005-06,9725,monthly,178555,01/06/2005
West Midlands Region,E12000005,2005-06,8951,monthly,146219,01/06/2005
London,E12000007,2005-07,13536,monthly,237872,01/07/2005
North East,E12000001,2005-07,4806,monthly,121318,01/07/2005
South East,E12000008,2005-07,16990,monthly,200336,01/07/2005
South West,E12000009,2005-07,10590,monthly,180979,01/07/2005
West Midlands Region,E12000005,2005-07,9091,monthly,147649,01/07/2005
London,E12000007,2005-08,13208,monthly,237971,01/08/2005
North East,E12000001,2005-08,4378,monthly,123066,01/08/2005
South East,E12000008,2005-08,16820,monthly,200950,01/08/2005
South West,E12000009,2005-08,10557,monthly,180356,01/08/2005
West Midlands Region,E12000005,2005-08,8833,monthly,148529,01/08/2005
London,E12000007,2005-09,13541,monthly,236916,01/09/2005
North East,E12000001,2005-09,4623,monthly,121255,01/09/2005
South East,E12000008,2005-09,16735,monthly,201181,01/09/2005
South West,E12000009,2005-09,10149,monthly,180846,01/09/2005
West Midlands Region,E12000005,2005-09,8943,monthly,147680,01/09/2005
London,E12000007,2005-10,12382,monthly,234298,01/10/2005
North East,E12000001,2005-10,4311,monthly,121647,01/10/2005
South East,E12000008,2005-10,15508,monthly,199322,01/10/2005
South West,E12000009,2005-10,9555,monthly,180883,01/10/2005
West Midlands Region,E12000005,2005-10,8230,monthly,147573,01/10/2005
London,E12000007,2005-11,12568,monthly,236561,01/11/2005
North East,E12000001,2005-11,4400,monthly,123245,01/11/2005
South East,E12000008,2005-11,16303,monthly,200577,01/11/2005
South West,E12000009,2005-11,10095,monthly,180778,01/11/2005
West Midlands Region,E12000005,2005-11,8712,monthly,148518,01/11/2005
London,E12000007,2005-12,13144,monthly,238377,01/12/2005
North East,E12000001,2005-12,5168,monthly,123089,01/12/2005
South East,E12000008,2005-12,18119,monthly,200784,01/12/2005
South West,E12000009,2005-12,11133,monthly,181798,01/12/2005
West Midlands Region,E12000005,2005-12,9778,monthly,148914,01/12/2005
London,E12000007,2006-01,10862,monthly,239846,01/01/2006
North East,E12000001,2006-01,3300,monthly,123039,01/01/2006
South East,E12000008,2006-01,13048,monthly,201252,01/01/2006
South West,E12000009,2006-01,7861,monthly,181152,01/01/2006
West Midlands Region,E12000005,2006-01,6843,monthly,147576,01/01/2006
London,E12000007,2006-02,10885,monthly,239115,01/02/2006
North East,E12000001,2006-02,3597,monthly,121124,01/02/2006
South East,E12000008,2006-02,13361,monthly,201878,01/02/2006
South West,E12000009,2006-02,7992,monthly,180356,01/02/2006
West Midlands Region,E12000005,2006-02,7057,monthly,148738,01/02/2006
London,E12000007,2006-03,13982,monthly,241380,01/03/2006
North East,E12000001,2006-03,5123,monthly,123786,01/03/2006
South East,E12000008,2006-03,17079,monthly,202726,01/03/2006
South West,E12000009,2006-03,10625,monthly,183672,01/03/2006
West Midlands Region,E12000005,2006-03,9468,monthly,148994,01/03/2006
London,E12000007,2006-04,11953,monthly,245474,01/04/2006
North East,E12000001,2006-04,4571,monthly,126215,01/04/2006
South East,E12000008,2006-04,15992,monthly,205285,01/04/2006
South West,E12000009,2006-04,10445,monthly,185201,01/04/2006
West Midlands Region,E12000005,2006-04,8468,monthly,150422,01/04/2006
London,E12000007,2006-05,13349,monthly,247591,01/05/2006
North East,E12000001,2006-05,4795,monthly,126767,01/05/2006
South East,E12000008,2006-05,17990,monthly,208458,01/05/2006
South West,E12000009,2006-05,11193,monthly,187087,01/05/2006
West Midlands Region,E12000005,2006-05,9476,monthly,154180,01/05/2006
London,E12000007,2006-06,16075,monthly,251417,01/06/2006
North East,E12000001,2006-06,5746,monthly,129083,01/06/2006
South East,E12000008,2006-06,21344,monthly,209556,01/06/2006
South West,E12000009,2006-06,13200,monthly,189380,01/06/2006
West Midlands Region,E12000005,2006-06,11271,monthly,153497,01/06/2006
London,E12000007,2006-07,16182,monthly,253883,01/07/2006
North East,E12000001,2006-07,5313,monthly,130283,01/07/2006
South East,E12000008,2006-07,20373,monthly,211719,01/07/2006
South West,E12000009,2006-07,12863,monthly,191277,01/07/2006
West Midlands Region,E12000005,2006-07,9937,monthly,153551,01/07/2006
London,E12000007,2006-08,16833,monthly,256704,01/08/2006
North East,E12000001,2006-08,5071,monthly,129962,01/08/2006
South East,E12000008,2006-08,22478,monthly,213017,01/08/2006
South West,E12000009,2006-08,13841,monthly,193535,01/08/2006
West Midlands Region,E12000005,2006-08,10642,monthly,155921,01/08/2006
London,E12000007,2006-09,15674,monthly,257541,01/09/2006
North East,E12000001,2006-09,5510,monthly,131628,01/09/2006
South East,E12000008,2006-09,20639,monthly,214854,01/09/2006
South West,E12000009,2006-09,12492,monthly,193878,01/09/2006
West Midlands Region,E12000005,2006-09,10435,monthly,156665,01/09/2006
London,E12000007,2006-10,15193,monthly,259115,01/10/2006
North East,E12000001,2006-10,5216,monthly,131788,01/10/2006
South East,E12000008,2006-10,19698,monthly,214634,01/10/2006
South West,E12000009,2006-10,12448,monthly,195904,01/10/2006
West Midlands Region,E12000005,2006-10,10289,monthly,156493,01/10/2006
London,E12000007,2006-11,15230,monthly,258814,01/11/2006
North East,E12000001,2006-11,5343,monthly,130774,01/11/2006
South East,E12000008,2006-11,19570,monthly,216507,01/11/2006
South West,E12000009,2006-11,12760,monthly,197357,01/11/2006
West Midlands Region,E12000005,2006-11,10511,monthly,157410,01/11/2006
London,E12000007,2006-12,15232,monthly,264494,01/12/2006
North East,E12000001,2006-12,6047,monthly,134036,01/12/2006
South East,E12000008,2006-12,20999,monthly,219389,01/12/2006
South West,E12000009,2006-12,13258,monthly,198583,01/12/2006
West Midlands Region,E12000005,2006-12,11472,monthly,158291,01/12/2006
London,E12000007,2007-01,12794,monthly,267658,01/01/2007
North East,E12000001,2007-01,3904,monthly,132508,01/01/2007
South East,E12000008,2007-01,15462,monthly,220546,01/01/2007
South West,E12000009,2007-01,9198,monthly,197597,01/01/2007
West Midlands Region,E12000005,2007-01,7705,monthly,157384,01/01/2007
London,E12000007,2007-02,12194,monthly,270780,01/02/2007
North East,E12000001,2007-02,4014,monthly,131175,01/02/2007
South East,E12000008,2007-02,14947,monthly,219879,01/02/2007
South West,E12000009,2007-02,8926,monthly,198960,01/02/2007
West Midlands Region,E12000005,2007-02,7614,monthly,157787,01/02/2007
London,E12000007,2007-03,14546,monthly,273479,01/03/2007
North East,E12000001,2007-03,5267,monthly,132120,01/03/2007
South East,E12000008,2007-03,17562,monthly,221581,01/03/2007
South West,E12000009,2007-03,10691,monthly,201839,01/03/2007
West Midlands Region,E12000005,2007-03,9816,monthly,158644,01/03/2007
London,E12000007,2007-04,12568,monthly,278805,01/04/2007
North East,E12000001,2007-04,4734,monthly,135047,01/04/2007
South East,E12000008,2007-04,15898,monthly,225548,01/04/2007
South West,E12000009,2007-04,10207,monthly,202684,01/04/2007
West Midlands Region,E12000005,2007-04,8414,monthly,161809,01/04/2007
London,E12000007,2007-05,14059,monthly,282726,01/05/2007
North East,E12000001,2007-05,5560,monthly,135645,01/05/2007
South East,E12000008,2007-05,18656,monthly,230061,01/05/2007
South West,E12000009,2007-05,11573,monthly,205886,01/05/2007
West Midlands Region,E12000005,2007-05,9436,monthly,162202,01/05/2007
London,E12000007,2007-06,15799,monthly,285958,01/06/2007
North East,E12000001,2007-06,6406,monthly,137655,01/06/2007
South East,E12000008,2007-06,21237,monthly,231684,01/06/2007
South West,E12000009,2007-06,12697,monthly,207413,01/06/2007
West Midlands Region,E12000005,2007-06,11228,monthly,162624,01/06/2007
London,E12000007,2007-07,16037,monthly,295694,01/07/2007
North East,E12000001,2007-07,5765,monthly,139400,01/07/2007
South East,E12000008,2007-07,20581,monthly,235796,01/07/2007
South West,E12000009,2007-07,12180,monthly,210108,01/07/2007
West Midlands Region,E12000005,2007-07,10099,monthly,163918,01/07/2007
London,E12000007,2007-08,16824,monthly,297653,01/08/2007
North East,E12000001,2007-08,5930,monthly,138535,01/08/2007
South East,E12000008,2007-08,22453,monthly,236007,01/08/2007
South West,E12000009,2007-08,13440,monthly,211402,01/08/2007
West Midlands Region,E12000005,2007-08,10693,monthly,165807,01/08/2007
London,E12000007,2007-09,13748,monthly,298414,01/09/2007
North East,E12000001,2007-09,4766,monthly,138306,01/09/2007
South East,E12000008,2007-09,17077,monthly,238302,01/09/2007
South West,E12000009,2007-09,10286,monthly,212666,01/09/2007
West Midlands Region,E12000005,2007-09,8677,monthly,165011,01/09/2007
London,E12000007,2007-10,13890,monthly,298559,01/10/2007
North East,E12000001,2007-10,5077,monthly,137946,01/10/2007
South East,E12000008,2007-10,18164,monthly,238845,01/10/2007
South West,E12000009,2007-10,10733,monthly,211641,01/10/2007
West Midlands Region,E12000005,2007-10,9137,monthly,165390,01/10/2007
London,E12000007,2007-11,13174,monthly,297648,01/11/2007
North East,E12000001,2007-11,5193,monthly,138832,01/11/2007
South East,E12000008,2007-11,17067,monthly,238670,01/11/2007
South West,E12000009,2007-11,10170,monthly,211624,01/11/2007
West Midlands Region,E12000005,2007-11,9266,monthly,164201,01/11/2007
London,E12000007,2007-12,9938,monthly,297994,01/12/2007
North East,E12000001,2007-12,4126,monthly,138507,01/12/2007
South East,E12000008,2007-12,13779,monthly,237099,01/12/2007
South West,E12000009,2007-12,8667,monthly,209153,01/12/2007
West Midlands Region,E12000005,2007-12,7362,monthly,165241,01/12/2007
London,E12000007,2008-01,8541,monthly,298596,01/01/2008
North East,E12000001,2008-01,2800,monthly,135418,01/01/2008
South East,E12000008,2008-01,9842,monthly,235300,01/01/2008
South West,E12000009,2008-01,5812,monthly,207936,01/01/2008
West Midlands Region,E12000005,2008-01,5045,monthly,161758,01/01/2008
London,E12000007,2008-02,8773,monthly,295700,01/02/2008
North East,E12000001,2008-02,2919,monthly,135027,01/02/2008
South East,E12000008,2008-02,10386,monthly,231825,01/02/2008
South West,E12000009,2008-02,6075,monthly,203729,01/02/2008
West Midlands Region,E12000005,2008-02,5630,monthly,162208,01/02/2008
London,E12000007,2008-03,8002,monthly,293605,01/03/2008
North East,E12000001,2008-03,2952,monthly,133568,01/03/2008
South East,E12000008,2008-03,9643,monthly,232495,01/03/2008
South West,E12000009,2008-03,5667,monthly,202208,01/03/2008
West Midlands Region,E12000005,2008-03,5244,monthly,160432,01/03/2008
London,E12000007,2008-04,8074,monthly,294346,01/04/2008
North East,E12000001,2008-04,3098,monthly,135960,01/04/2008
South East,E12000008,2008-04,10465,monthly,230863,01/04/2008
South West,E12000009,2008-04,6612,monthly,203157,01/04/2008
West Midlands Region,E12000005,2008-04,5761,monthly,159743,01/04/2008
London,E12000007,2008-05,8075,monthly,295163,01/05/2008
North East,E12000001,2008-05,3163,monthly,137087,01/05/2008
South East,E12000008,2008-05,11241,monthly,232076,01/05/2008
South West,E12000009,2008-05,7034,monthly,203439,01/05/2008
West Midlands Region,E12000005,2008-05,5996,monthly,161333,01/05/2008
London,E12000007,2008-06,7540,monthly,290100,01/06/2008
North East,E12000001,2008-06,2827,monthly,135464,01/06/2008
South East,E12000008,2008-06,10213,monthly,229212,01/06/2008
South West,E12000009,2008-06,6295,monthly,199568,01/06/2008
West Midlands Region,E12000005,2008-06,5611,monthly,159656,01/06/2008
London,E12000007,2008-07,6935,monthly,290261,01/07/2008
North East,E12000001,2008-07,2488,monthly,132306,01/07/2008
South East,E12000008,2008-07,9011,monthly,227808,01/07/2008
South West,E12000009,2008-07,5618,monthly,198090,01/07/2008
West Midlands Region,E12000005,2008-07,4826,monthly,156057,01/07/2008
London,E12000007,2008-08,5982,monthly,281721,01/08/2008
North East,E12000001,2008-08,2119,monthly,131545,01/08/2008
South East,E12000008,2008-08,8965,monthly,220523,01/08/2008
South West,E12000009,2008-08,5276,monthly,194290,01/08/2008
West Midlands Region,E12000005,2008-08,4395,monthly,153811,01/08/2008
London,E12000007,2008-09,5191,monthly,276487,01/09/2008
North East,E12000001,2008-09,1954,monthly,126926,01/09/2008
South East,E12000008,2008-09,7326,monthly,215167,01/09/2008
South West,E12000009,2008-09,4612,monthly,190686,01/09/2008
West Midlands Region,E12000005,2008-09,3746,monthly,151810,01/09/2008
London,E12000007,2008-10,5225,monthly,266999,01/10/2008
North East,E12000001,2008-10,1999,monthly,124448,01/10/2008
South East,E12000008,2008-10,7821,monthly,209022,01/10/2008
South West,E12000009,2008-10,5068,monthly,186431,01/10/2008
West Midlands Region,E12000005,2008-10,4101,monthly,148779,01/10/2008
London,E12000007,2008-11,4078,monthly,258647,01/11/2008
North East,E12000001,2008-11,1713,monthly,123884,01/11/2008
South East,E12000008,2008-11,6293,monthly,203088,01/11/2008
South West,E12000009,2008-11,4088,monthly,179719,01/11/2008
West Midlands Region,E12000005,2008-11,3376,monthly,144774,01/11/2008
London,E12000007,2008-12,4505,monthly,253881,01/12/2008
North East,E12000001,2008-12,1710,monthly,120275,01/12/2008
South East,E12000008,2008-12,7110,monthly,200350,01/12/2008
South West,E12000009,2008-12,4822,monthly,175280,01/12/2008
West Midlands Region,E12000005,2008-12,3472,monthly,141893,01/12/2008
London,E12000007,2009-01,3269,monthly,253093,01/01/2009
North East,E12000001,2009-01,1138,monthly,118710,01/01/2009
South East,E12000008,2009-01,5129,monthly,194568,01/01/2009
South West,E12000009,2009-01,3040,monthly,173483,01/01/2009
West Midlands Region,E12000005,2009-01,2356,monthly,139999,01/01/2009
London,E12000007,2009-02,3251,monthly,249847,01/02/2009
North East,E12000001,2009-02,1200,monthly,117221,01/02/2009
South East,E12000008,2009-02,4907,monthly,191720,01/02/2009
South West,E12000009,2009-02,3286,monthly,173252,01/02/2009
West Midlands Region,E12000005,2009-02,2566,monthly,138503,01/02/2009
London,E12000007,2009-03,4097,monthly,247264,01/03/2009
North East,E12000001,2009-03,1680,monthly,117079,01/03/2009
South East,E12000008,2009-03,6482,monthly,191156,01/03/2009
South West,E12000009,2009-03,4207,monthly,171666,01/03/2009
West Midlands Region,E12000005,2009-03,3224,monthly,136966,01/03/2009
London,E12000007,2009-04,4323,monthly,245351,01/04/2009
North East,E12000001,2009-04,1708,monthly,118270,01/04/2009
South East,E12000008,2009-04,7214,monthly,193112,01/04/2009
South West,E12000009,2009-04,4753,monthly,171356,01/04/2009
West Midlands Region,E12000005,2009-04,3376,monthly,137313,01/04/2009
London,E12000007,2009-05,5011,monthly,249991,01/05/2009
North East,E12000001,2009-05,1998,monthly,119532,01/05/2009
South East,E12000008,2009-05,8509,monthly,196756,01/05/2009
South West,E12000009,2009-05,5754,monthly,174181,01/05/2009
West Midlands Region,E12000005,2009-05,3865,monthly,139243,01/05/2009
London,E12000007,2009-06,6001,monthly,253596,01/06/2009
North East,E12000001,2009-06,2218,monthly,120823,01/06/2009
South East,E12000008,2009-06,10151,monthly,199318,01/06/2009
South West,E12000009,2009-06,6581,monthly,177983,01/06/2009
West Midlands Region,E12000005,2009-06,4470,monthly,139485,01/06/2009
London,E12000007,2009-07,7900,monthly,259793,01/07/2009
North East,E12000001,2009-07,2277,monthly,120952,01/07/2009
South East,E12000008,2009-07,12207,monthly,202557,01/07/2009
South West,E12000009,2009-07,7644,monthly,179938,01/07/2009
West Midlands Region,E12000005,2009-07,5279,monthly,143597,01/07/2009
London,E12000007,2009-08,7548,monthly,262076,01/08/2009
North East,E12000001,2009-08,2126,monthly,122676,01/08/2009
South East,E12000008,2009-08,11294,monthly,206729,01/08/2009
South West,E12000009,2009-08,7145,monthly,181846,01/08/2009
West Midlands Region,E12000005,2009-08,4887,monthly,144704,01/08/2009
London,E12000007,2009-09,7920,monthly,267501,01/09/2009
North East,E12000001,2009-09,2098,monthly,123725,01/09/2009
South East,E12000008,2009-09,11320,monthly,209426,01/09/2009
South West,E12000009,2009-09,7165,monthly,184484,01/09/2009
West Midlands Region,E12000005,2009-09,4779,monthly,144956,01/09/2009
London,E12000007,2009-10,8449,monthly,268780,01/10/2009
North East,E12000001,2009-10,2438,monthly,123135,01/10/2009
South East,E12000008,2009-10,12281,monthly,210508,01/10/2009
South West,E12000009,2009-10,7984,monthly,184995,01/10/2009
West Midlands Region,E12000005,2009-10,5648,monthly,146929,01/10/2009
London,E12000007,2009-11,7962,monthly,266837,01/11/2009
North East,E12000001,2009-11,2139,monthly,124131,01/11/2009
South East,E12000008,2009-11,11681,monthly,212153,01/11/2009
South West,E12000009,2009-11,7375,monthly,185919,01/11/2009
West Midlands Region,E12000005,2009-11,5002,monthly,146230,01/11/2009
London,E12000007,2009-12,9500,monthly,270118,01/12/2009
North East,E12000001,2009-12,2934,monthly,125208,01/12/2009
South East,E12000008,2009-12,14941,monthly,211679,01/12/2009
South West,E12000009,2009-12,9799,monthly,186816,01/12/2009
West Midlands Region,E12000005,2009-12,6360,monthly,148354,01/12/2009
London,E12000007,2010-01,6212,monthly,279724,01/01/2010
North East,E12000001,2010-01,1363,monthly,119947,01/01/2010
South East,E12000008,2010-01,6601,monthly,217936,01/01/2010
South West,E12000009,2010-01,3872,monthly,188404,01/01/2010
West Midlands Region,E12000005,2010-01,2914,monthly,146424,01/01/2010
London,E12000007,2010-02,6312,monthly,278753,01/02/2010
North East,E12000001,2010-02,1632,monthly,121984,01/02/2010
South East,E12000008,2010-02,8008,monthly,217339,01/02/2010
South West,E12000009,2010-02,4734,monthly,189126,01/02/2010
West Midlands Region,E12000005,2010-02,3423,monthly,147484,01/02/2010
London,E12000007,2010-03,7308,monthly,280472,01/03/2010
North East,E12000001,2010-03,1851,monthly,123110,01/03/2010
South East,E12000008,2010-03,9308,monthly,216665,01/03/2010
South West,E12000009,2010-03,5742,monthly,188491,01/03/2010
West Midlands Region,E12000005,2010-03,4286,monthly,146692,01/03/2010
London,E12000007,2010-04,7032,monthly,281981,01/04/2010
North East,E12000001,2010-04,2080,monthly,123415,01/04/2010
South East,E12000008,2010-04,9428,monthly,218270,01/04/2010
South West,E12000009,2010-04,6178,monthly,190514,01/04/2010
West Midlands Region,E12000005,2010-04,4417,monthly,149119,01/04/2010
London,E12000007,2010-05,7106,monthly,281762,01/05/2010
North East,E12000001,2010-05,2018,monthly,122873,01/05/2010
South East,E12000008,2010-05,9441,monthly,220434,01/05/2010
South West,E12000009,2010-05,6113,monthly,192511,01/05/2010
West Midlands Region,E12000005,2010-05,4263,monthly,149465,01/05/2010
London,E12000007,2010-06,8756,monthly,284541,01/06/2010
North East,E12000001,2010-06,2557,monthly,123620,01/06/2010
South East,E12000008,2010-06,11478,monthly,222047,01/06/2010
South West,E12000009,2010-06,7417,monthly,193285,01/06/2010
West Midlands Region,E12000005,2010-06,5134,monthly,150817,01/06/2010
London,E12000007,2010-07,9461,monthly,292772,01/07/2010
North East,E12000001,2010-07,2623,monthly,123348,01/07/2010
South East,E12000008,2010-07,12572,monthly,224554,01/07/2010
South West,E12000009,2010-07,7788,monthly,194617,01/07/2010
West Midlands Region,E12000005,2010-07,5691,monthly,151124,01/07/2010
London,E12000007,2010-08,8570,monthly,290646,01/08/2010
North East,E12000001,2010-08,2320,monthly,126174,01/08/2010
South East,E12000008,2010-08,11769,monthly,224123,01/08/2010
South West,E12000009,2010-08,7117,monthly,196163,01/08/2010
West Midlands Region,E12000005,2010-08,5194,monthly,150663,01/08/2010
London,E12000007,2010-09,8194,monthly,290093,01/09/2010
North East,E12000001,2010-09,2213,monthly,122224,01/09/2010
South East,E12000008,2010-09,10823,monthly,224587,01/09/2010
South West,E12000009,2010-09,6796,monthly,195803,01/09/2010
West Midlands Region,E12000005,2010-09,4891,monthly,152089,01/09/2010
London,E12000007,2010-10,7871,monthly,286131,01/10/2010
North East,E12000001,2010-10,2331,monthly,124799,01/10/2010
South East,E12000008,2010-10,10583,monthly,221298,01/10/2010
South West,E12000009,2010-10,6862,monthly,194165,01/10/2010
West Midlands Region,E12000005,2010-10,5118,monthly,149193,01/10/2010
London,E12000007,2010-11,7663,monthly,282290,01/11/2010
North East,E12000001,2010-11,2095,monthly,120265,01/11/2010
South East,E12000008,2010-11,10240,monthly,219815,01/11/2010
South West,E12000009,2010-11,6509,monthly,191693,01/11/2010
West Midlands Region,E12000005,2010-11,4768,monthly,149168,01/11/2010
London,E12000007,2010-12,7448,monthly,285353,01/12/2010
North East,E12000001,2010-12,2338,monthly,119688,01/12/2010
South East,E12000008,2010-12,10343,monthly,218657,01/12/2010
South West,E12000009,2010-12,6617,monthly,189735,01/12/2010
West Midlands Region,E12000005,2010-12,4973,monthly,148525,01/12/2010
London,E12000007,2011-01,5870,monthly,287983,01/01/2011
North East,E12000001,2011-01,1458,monthly,117111,01/01/2011
South East,E12000008,2011-01,6847,monthly,216680,01/01/2011
South West,E12000009,2011-01,3992,monthly,188992,01/01/2011
West Midlands Region,E12000005,2011-01,3144,monthly,146490,01/01/2011
London,E12000007,2011-02,5796,monthly,285227,01/02/2011
North East,E12000001,2011-02,1541,monthly,116809,01/02/2011
South East,E12000008,2011-02,7278,monthly,217190,01/02/2011
South West,E12000009,2011-02,4297,monthly,187669,01/02/2011
West Midlands Region,E12000005,2011-02,3347,monthly,144486,01/02/2011
London,E12000007,2011-03,6675,monthly,287092,01/03/2011
North East,E12000001,2011-03,2060,monthly,115711,01/03/2011
South East,E12000008,2011-03,8146,monthly,215778,01/03/2011
South West,E12000009,2011-03,5123,monthly,187586,01/03/2011
West Midlands Region,E12000005,2011-03,4000,monthly,143209,01/03/2011
London,E12000007,2011-04,6903,monthly,293993,01/04/2011
North East,E12000001,2011-04,2157,monthly,119438,01/04/2011
South East,E12000008,2011-04,9007,monthly,218178,01/04/2011
South West,E12000009,2011-04,5864,monthly,188251,01/04/2011
West Midlands Region,E12000005,2011-04,4289,monthly,145562,01/04/2011
London,E12000007,2011-05,6460,monthly,284722,01/05/2011
North East,E12000001,2011-05,2056,monthly,119979,01/05/2011
South East,E12000008,2011-05,8827,monthly,218577,01/05/2011
South West,E12000009,2011-05,5577,monthly,187412,01/05/2011
West Midlands Region,E12000005,2011-05,4121,monthly,145692,01/05/2011
London,E12000007,2011-06,7846,monthly,285906,01/06/2011
North East,E12000001,2011-06,2476,monthly,119671,01/06/2011
South East,E12000008,2011-06,10180,monthly,219162,01/06/2011
South West,E12000009,2011-06,6522,monthly,189494,01/06/2011
West Midlands Region,E12000005,2011-06,5046,monthly,145807,01/06/2011
London,E12000007,2011-07,8742,monthly,295843,01/07/2011
North East,E12000001,2011-07,2514,monthly,117616,01/07/2011
South East,E12000008,2011-07,11588,monthly,222005,01/07/2011
South West,E12000009,2011-07,6992,monthly,191264,01/07/2011
West Midlands Region,E12000005,2011-07,5252,monthly,146184,01/07/2011
London,E12000007,2011-08,8998,monthly,294903,01/08/2011
North East,E12000001,2011-08,2436,monthly,116961,01/08/2011
South East,E12000008,2011-08,12033,monthly,220344,01/08/2011
South West,E12000009,2011-08,7390,monthly,191964,01/08/2011
West Midlands Region,E12000005,2011-08,5272,monthly,146183,01/08/2011
London,E12000007,2011-09,8707,monthly,295358,01/09/2011
North East,E12000001,2011-09,2580,monthly,117236,01/09/2011
South East,E12000008,2011-09,11957,monthly,221239,01/09/2011
South West,E12000009,2011-09,7280,monthly,189499,01/09/2011
West Midlands Region,E12000005,2011-09,5379,monthly,147655,01/09/2011
London,E12000007,2011-10,7871,monthly,292267,01/10/2011
North East,E12000001,2011-10,2261,monthly,116238,01/10/2011
South East,E12000008,2011-10,10459,monthly,218309,01/10/2011
South West,E12000009,2011-10,6777,monthly,189765,01/10/2011
West Midlands Region,E12000005,2011-10,5050,monthly,144812,01/10/2011
London,E12000007,2011-11,7956,monthly,291036,01/11/2011
North East,E12000001,2011-11,2480,monthly,117028,01/11/2011
South East,E12000008,2011-11,11216,monthly,219732,01/11/2011
South West,E12000009,2011-11,6873,monthly,188933,01/11/2011
West Midlands Region,E12000005,2011-11,5200,monthly,145825,01/11/2011
London,E12000007,2011-12,8217,monthly,292284,01/12/2011
North East,E12000001,2011-12,2618,monthly,115328,01/12/2011
South East,E12000008,2011-12,11844,monthly,219371,01/12/2011
South West,E12000009,2011-12,7314,monthly,187426,01/12/2011
West Midlands Region,E12000005,2011-12,5634,monthly,143628,01/12/2011
London,E12000007,2012-01,6531,monthly,294360,01/01/2012
North East,E12000001,2012-01,1694,monthly,113011,01/01/2012
South East,E12000008,2012-01,8014,monthly,217660,01/01/2012
South West,E12000009,2012-01,5096,monthly,189942,01/01/2012
West Midlands Region,E12000005,2012-01,3688,monthly,145071,01/01/2012
London,E12000007,2012-02,6659,monthly,292381,01/02/2012
North East,E12000001,2012-02,1640,monthly,113852,01/02/2012
South East,E12000008,2012-02,8297,monthly,218487,01/02/2012
South West,E12000009,2012-02,5198,monthly,189653,01/02/2012
West Midlands Region,E12000005,2012-02,3769,monthly,143615,01/02/2012
London,E12000007,2012-03,9099,monthly,290379,01/03/2012
North East,E12000001,2012-03,2368,monthly,116622,01/03/2012
South East,E12000008,2012-03,11451,monthly,219094,01/03/2012
South West,E12000009,2012-03,6908,monthly,188079,01/03/2012
West Midlands Region,E12000005,2012-03,5350,monthly,144779,01/03/2012
London,E12000007,2012-04,5961,monthly,299065,01/04/2012
North East,E12000001,2012-04,1795,monthly,116031,01/04/2012
South East,E12000008,2012-04,7533,monthly,223223,01/04/2012
South West,E12000009,2012-04,4890,monthly,190924,01/04/2012
West Midlands Region,E12000005,2012-04,3737,monthly,144490,01/04/2012
London,E12000007,2012-05,7374,monthly,304081,01/05/2012
North East,E12000001,2012-05,2160,monthly,115601,01/05/2012
South East,E12000008,2012-05,9560,monthly,223509,01/05/2012
South West,E12000009,2012-05,5929,monthly,190367,01/05/2012
West Midlands Region,E12000005,2012-05,4490,monthly,144126,01/05/2012
London,E12000007,2012-06,8132,monthly,306823,01/06/2012
North East,E12000001,2012-06,2579,monthly,117444,01/06/2012
South East,E12000008,2012-06,10728,monthly,224379,01/06/2012
South West,E12000009,2012-06,6715,monthly,191813,01/06/2012
West Midlands Region,E12000005,2012-06,5205,monthly,147713,01/06/2012
London,E12000007,2012-07,8751,monthly,308962,01/07/2012
North East,E12000001,2012-07,2104,monthly,117137,01/07/2012
South East,E12000008,2012-07,11204,monthly,226770,01/07/2012
South West,E12000009,2012-07,6815,monthly,193530,01/07/2012
West Midlands Region,E12000005,2012-07,4909,monthly,147399,01/07/2012
London,E12000007,2012-08,9073,monthly,310043,01/08/2012
North East,E12000001,2012-08,2458,monthly,119749,01/08/2012
South East,E12000008,2012-08,12557,monthly,227861,01/08/2012
South West,E12000009,2012-08,7640,monthly,192032,01/08/2012
West Midlands Region,E12000005,2012-08,5469,monthly,147401,01/08/2012
London,E12000007,2012-09,7906,monthly,308469,01/09/2012
North East,E12000001,2012-09,2015,monthly,118194,01/09/2012
South East,E12000008,2012-09,10140,monthly,228457,01/09/2012
South West,E12000009,2012-09,6017,monthly,191674,01/09/2012
West Midlands Region,E12000005,2012-09,4382,monthly,147227,01/09/2012
London,E12000007,2012-10,8146,monthly,310281,01/10/2012
North East,E12000001,2012-10,2361,monthly,116854,01/10/2012
South East,E12000008,2012-10,10976,monthly,224927,01/10/2012
South West,E12000009,2012-10,6771,monthly,191820,01/10/2012
West Midlands Region,E12000005,2012-10,4927,monthly,145709,01/10/2012
London,E12000007,2012-11,8626,monthly,308540,01/11/2012
North East,E12000001,2012-11,2502,monthly,116777,01/11/2012
South East,E12000008,2012-11,11577,monthly,224563,01/11/2012
South West,E12000009,2012-11,7187,monthly,191426,01/11/2012
West Midlands Region,E12000005,2012-11,5706,monthly,146988,01/11/2012
London,E12000007,2012-12,7601,monthly,313744,01/12/2012
North East,E12000001,2012-12,2354,monthly,114860,01/12/2012
South East,E12000008,2012-12,10312,monthly,225865,01/12/2012
South West,E12000009,2012-12,6484,monthly,187901,01/12/2012
West Midlands Region,E12000005,2012-12,4820,monthly,147386,01/12/2012
London,E12000007,2013-01,6834,monthly,311364,01/01/2013
North East,E12000001,2013-01,1582,monthly,113585,01/01/2013
South East,E12000008,2013-01,8108,monthly,225210,01/01/2013
South West,E12000009,2013-01,4677,monthly,189820,01/01/2013
West Midlands Region,E12000005,2013-01,3526,monthly,145005,01/01/2013
London,E12000007,2013-02,6693,monthly,313550,01/02/2013
North East,E12000001,2013-02,1697,monthly,112008,01/02/2013
South East,E12000008,2013-02,8163,monthly,223861,01/02/2013
South West,E12000009,2013-02,4943,monthly,189236,01/02/2013
West Midlands Region,E12000005,2013-02,4023,monthly,145470,01/02/2013
London,E12000007,2013-03,7663,monthly,312289,01/03/2013
North East,E12000001,2013-03,2212,monthly,115161,01/03/2013
South East,E12000008,2013-03,9491,monthly,225295,01/03/2013
South West,E12000009,2013-03,5972,monthly,190494,01/03/2013
West Midlands Region,E12000005,2013-03,4742,monthly,145983,01/03/2013
London,E12000007,2013-04,7388,monthly,320921,01/04/2013
North East,E12000001,2013-04,2016,monthly,115330,01/04/2013
South East,E12000008,2013-04,9101,monthly,227862,01/04/2013
South West,E12000009,2013-04,5652,monthly,193336,01/04/2013
West Midlands Region,E12000005,2013-04,4243,monthly,146320,01/04/2013
London,E12000007,2013-05,9010,monthly,322324,01/05/2013
North East,E12000001,2013-05,2618,monthly,115849,01/05/2013
South East,E12000008,2013-05,11770,monthly,228343,01/05/2013
South West,E12000009,2013-05,7337,monthly,192848,01/05/2013
West Midlands Region,E12000005,2013-05,5653,monthly,147312,01/05/2013
London,E12000007,2013-06,8930,monthly,324518,01/06/2013
North East,E12000001,2013-06,2764,monthly,115645,01/06/2013
South East,E12000008,2013-06,11961,monthly,230987,01/06/2013
South West,E12000009,2013-06,7521,monthly,193267,01/06/2013
West Midlands Region,E12000005,2013-06,5778,monthly,149457,01/06/2013
London,E12000007,2013-07,10889,monthly,332988,01/07/2013
North East,E12000001,2013-07,2698,monthly,118564,01/07/2013
South East,E12000008,2013-07,13795,monthly,233752,01/07/2013
South West,E12000009,2013-07,8260,monthly,195066,01/07/2013
West Midlands Region,E12000005,2013-07,6106,monthly,150343,01/07/2013
London,E12000007,2013-08,11153,monthly,335743,01/08/2013
North East,E12000001,2013-08,2870,monthly,120219,01/08/2013
South East,E12000008,2013-08,15122,monthly,234507,01/08/2013
South West,E12000009,2013-08,9214,monthly,196500,01/08/2013
West Midlands Region,E12000005,2013-08,6634,monthly,151665,01/08/2013
London,E12000007,2013-09,10276,monthly,340494,01/09/2013
North East,E12000001,2013-09,2651,monthly,119140,01/09/2013
South East,E12000008,2013-09,13167,monthly,235143,01/09/2013
South West,E12000009,2013-09,8118,monthly,198055,01/09/2013
West Midlands Region,E12000005,2013-09,5689,monthly,149816,01/09/2013
London,E12000007,2013-10,10935,monthly,340045,01/10/2013
North East,E12000001,2013-10,2933,monthly,112868,01/10/2013
South East,E12000008,2013-10,14569,monthly,235311,01/10/2013
South West,E12000009,2013-10,9061,monthly,197254,01/10/2013
West Midlands Region,E12000005,2013-10,6806,monthly,151179,01/10/2013
London,E12000007,2013-11,11427,monthly,343749,01/11/2013
North East,E12000001,2013-11,3237,monthly,116456,01/11/2013
South East,E12000008,2013-11,15099,monthly,237224,01/11/2013
South West,E12000009,2013-11,9815,monthly,197476,01/11/2013
West Midlands Region,E12000005,2013-11,7378,monthly,151495,01/11/2013
London,E12000007,2013-12,10775,monthly,352028,01/12/2013
North East,E12000001,2013-12,3277,monthly,116274,01/12/2013
South East,E12000008,2013-12,14971,monthly,238975,01/12/2013
South West,E12000009,2013-12,9321,monthly,198613,01/12/2013
West Midlands Region,E12000005,2013-12,6957,monthly,152008,01/12/2013
London,E12000007,2014-01,9966,monthly,355830,01/01/2014
North East,E12000001,2014-01,2614,monthly,114531,01/01/2014
South East,E12000008,2014-01,12253,monthly,240961,01/01/2014
South West,E12000009,2014-01,7412,monthly,198252,01/01/2014
West Midlands Region,E12000005,2014-01,5627,monthly,152152,01/01/2014
London,E12000007,2014-02,9363,monthly,357876,01/02/2014
North East,E12000001,2014-02,2467,monthly,114784,01/02/2014
South East,E12000008,2014-02,12002,monthly,241314,01/02/2014
South West,E12000009,2014-02,7672,monthly,198985,01/02/2014
West Midlands Region,E12000005,2014-02,5806,monthly,151239,01/02/2014
London,E12000007,2014-03,9537,monthly,361400,01/03/2014
North East,E12000001,2014-03,2830,monthly,116317,01/03/2014
South East,E12000008,2014-03,12484,monthly,243371,01/03/2014
South West,E12000009,2014-03,7494,monthly,200618,01/03/2014
West Midlands Region,E12000005,2014-03,6048,monthly,153209,01/03/2014
London,E12000007,2014-04,9809,monthly,375337,01/04/2014
North East,E12000001,2014-04,2845,monthly,118315,01/04/2014
South East,E12000008,2014-04,12835,monthly,247105,01/04/2014
South West,E12000009,2014-04,8260,monthly,204087,01/04/2014
West Midlands Region,E12000005,2014-04,6131,monthly,155245,01/04/2014
London,E12000007,2014-05,10155,monthly,382705,01/05/2014
North East,E12000001,2014-05,3236,monthly,118613,01/05/2014
South East,E12000008,2014-05,13967,monthly,251395,01/05/2014
South West,E12000009,2014-05,8813,monthly,204098,01/05/2014
West Midlands Region,E12000005,2014-05,7067,monthly,155724,01/05/2014
London,E12000007,2014-06,10486,monthly,387182,01/06/2014
North East,E12000001,2014-06,3539,monthly,121217,01/06/2014
South East,E12000008,2014-06,14673,monthly,253441,01/06/2014
South West,E12000009,2014-06,9577,monthly,204781,01/06/2014
West Midlands Region,E12000005,2014-06,7314,monthly,157736,01/06/2014
London,E12000007,2014-07,11340,monthly,398737,01/07/2014
North East,E12000001,2014-07,3228,monthly,121279,01/07/2014
South East,E12000008,2014-07,15973,monthly,257701,01/07/2014
South West,E12000009,2014-07,9972,monthly,209034,01/07/2014
West Midlands Region,E12000005,2014-07,7554,monthly,158073,01/07/2014
London,E12000007,2014-08,11243,monthly,404754,01/08/2014
North East,E12000001,2014-08,3488,monthly,121329,01/08/2014
South East,E12000008,2014-08,16577,monthly,261254,01/08/2014
South West,E12000009,2014-08,10229,monthly,211731,01/08/2014
West Midlands Region,E12000005,2014-08,8005,monthly,160571,01/08/2014
London,E12000007,2014-09,10437,monthly,403670,01/09/2014
North East,E12000001,2014-09,3115,monthly,120251,01/09/2014
South East,E12000008,2014-09,14977,monthly,263171,01/09/2014
South West,E12000009,2014-09,9277,monthly,213432,01/09/2014
West Midlands Region,E12000005,2014-09,7078,monthly,160011,01/09/2014
London,E12000007,2014-10,10773,monthly,402300,01/10/2014
North East,E12000001,2014-10,3533,monthly,118619,01/10/2014
South East,E12000008,2014-10,16051,monthly,263518,01/10/2014
South West,E12000009,2014-10,10261,monthly,212152,01/10/2014
West Midlands Region,E12000005,2014-10,7854,monthly,159925,01/10/2014
London,E12000007,2014-11,9095,monthly,400803,01/11/2014
North East,E12000001,2014-11,3293,monthly,118778,01/11/2014
South East,E12000008,2014-11,13599,monthly,262969,01/11/2014
South West,E12000009,2014-11,8499,monthly,210799,01/11/2014
West Midlands Region,E12000005,2014-11,6595,monthly,159782,01/11/2014
London,E12000007,2014-12,9745,monthly,402898,01/12/2014
North East,E12000001,2014-12,3237,monthly,118798,01/12/2014
South East,E12000008,2014-12,14439,monthly,264217,01/12/2014
South West,E12000009,2014-12,9535,monthly,211576,01/12/2014
West Midlands Region,E12000005,2014-12,7028,monthly,160267,01/12/2014
London,E12000007,2015-01,8142,monthly,402847,01/01/2015
North East,E12000001,2015-01,2417,monthly,117156,01/01/2015
South East,E12000008,2015-01,10936,monthly,264848,01/01/2015
South West,E12000009,2015-01,6613,monthly,212878,01/01/2015
West Midlands Region,E12000005,2015-01,4976,monthly,158683,01/01/2015
London,E12000007,2015-02,7937,monthly,404773,01/02/2015
North East,E12000001,2015-02,2290,monthly,118525,01/02/2015
South East,E12000008,2015-02,10909,monthly,264568,01/02/2015
South West,E12000009,2015-02,6543,monthly,210050,01/02/2015
West Midlands Region,E12000005,2015-02,5487,monthly,160388,01/02/2015
London,E12000007,2015-03,8847,monthly,404706,01/03/2015
North East,E12000001,2015-03,2829,monthly,117578,01/03/2015
South East,E12000008,2015-03,11739,monthly,265090,01/03/2015
South West,E12000009,2015-03,7558,monthly,212109,01/03/2015
West Midlands Region,E12000005,2015-03,6160,monthly,159293,01/03/2015
London,E12000007,2015-04,8323,monthly,410445,01/04/2015
North East,E12000001,2015-04,2718,monthly,121598,01/04/2015
South East,E12000008,2015-04,11596,monthly,268550,01/04/2015
South West,E12000009,2015-04,7557,monthly,214541,01/04/2015
West Midlands Region,E12000005,2015-04,5602,monthly,161813,01/04/2015
London,E12000007,2015-05,9059,monthly,415817,01/05/2015
North East,E12000001,2015-05,3303,monthly,120610,01/05/2015
South East,E12000008,2015-05,12900,monthly,271147,01/05/2015
South West,E12000009,2015-05,8517,monthly,215498,01/05/2015
West Midlands Region,E12000005,2015-05,7026,monthly,162631,01/05/2015
London,E12000007,2015-06,10721,monthly,419474,01/06/2015
North East,E12000001,2015-06,3735,monthly,122584,01/06/2015
South East,E12000008,2015-06,15232,monthly,275224,01/06/2015
South West,E12000009,2015-06,10048,monthly,217582,01/06/2015
West Midlands Region,E12000005,2015-06,7460,monthly,164404,01/06/2015
London,E12000007,2015-07,11980,monthly,431644,01/07/2015
North East,E12000001,2015-07,3739,monthly,122669,01/07/2015
South East,E12000008,2015-07,16491,monthly,279875,01/07/2015
South West,E12000009,2015-07,10642,monthly,220044,01/07/2015
West Midlands Region,E12000005,2015-07,8374,monthly,166016,01/07/2015
London,E12000007,2015-08,10499,monthly,436152,01/08/2015
North East,E12000001,2015-08,3198,monthly,123621,01/08/2015
South East,E12000008,2015-08,15511,monthly,283369,01/08/2015
South West,E12000009,2015-08,9970,monthly,223210,01/08/2015
West Midlands Region,E12000005,2015-08,7532,monthly,167862,01/08/2015
London,E12000007,2015-09,10686,monthly,439729,01/09/2015
North East,E12000001,2015-09,3289,monthly,123304,01/09/2015
South East,E12000008,2015-09,15052,monthly,284374,01/09/2015
South West,E12000009,2015-09,9895,monthly,224435,01/09/2015
West Midlands Region,E12000005,2015-09,7428,monthly,167590,01/09/2015
London,E12000007,2015-10,10926,monthly,440484,01/10/2015
North East,E12000001,2015-10,3582,monthly,121512,01/10/2015
South East,E12000008,2015-10,16502,monthly,286452,01/10/2015
South West,E12000009,2015-10,10353,monthly,224226,01/10/2015
West Midlands Region,E12000005,2015-10,8479,monthly,167550,01/10/2015
London,E12000007,2015-11,9752,monthly,445485,01/11/2015
North East,E12000001,2015-11,3403,monthly,123032,01/11/2015
South East,E12000008,2015-11,14653,monthly,288509,01/11/2015
South West,E12000009,2015-11,9283,monthly,226490,01/11/2015
West Midlands Region,E12000005,2015-11,7658,monthly,168871,01/11/2015
London,E12000007,2015-12,9700,monthly,450053,01/12/2015
North East,E12000001,2015-12,3351,monthly,123597,01/12/2015
South East,E12000008,2015-12,14723,monthly,291298,01/12/2015
South West,E12000009,2015-12,9766,monthly,226855,01/12/2015
West Midlands Region,E12000005,2015-12,7671,monthly,169286,01/12/2015
London,E12000007,2016-01,7927,monthly,457466,01/01/2016
North East,E12000001,2016-01,2451,monthly,121096,01/01/2016
South East,E12000008,2016-01,11281,monthly,293678,01/01/2016
South West,E12000009,2016-01,7182,monthly,226547,01/01/2016
West Midlands Region,E12000005,2016-01,5565,monthly,169747,01/01/2016
London,E12000007,2016-02,8208,monthly,457759,01/02/2016
North East,E12000001,2016-02,2627,monthly,121085,01/02/2016
South East,E12000008,2016-02,11988,monthly,295613,01/02/2016
South West,E12000009,2016-02,8027,monthly,227523,01/02/2016
West Midlands Region,E12000005,2016-02,6160,monthly,168691,01/02/2016
London,E12000007,2016-03,17501,monthly,464647,01/03/2016
North East,E12000001,2016-03,4535,monthly,122837,01/03/2016
South East,E12000008,2016-03,21531,monthly,300201,01/03/2016
South West,E12000009,2016-03,14439,monthly,233607,01/03/2016
West Midlands Region,E12000005,2016-03,11240,monthly,169300,01/03/2016
London,E12000007,2016-04,5746,monthly,461068,01/04/2016
North East,E12000001,2016-04,2381,monthly,122481,01/04/2016
South East,E12000008,2016-04,9325,monthly,297712,01/04/2016
South West,E12000009,2016-04,5901,monthly,227636,01/04/2016
West Midlands Region,E12000005,2016-04,5303,monthly,172955,01/04/2016
London,E12000007,2016-05,6617,monthly,467485,01/05/2016
North East,E12000001,2016-05,2756,monthly,124696,01/05/2016
South East,E12000008,2016-05,10633,monthly,301202,01/05/2016
South West,E12000009,2016-05,7144,monthly,231318,01/05/2016
West Midlands Region,E12000005,2016-05,6027,monthly,174741,01/05/2016
London,E12000007,2016-06,8464,monthly,468120,01/06/2016
North East,E12000001,2016-06,3499,monthly,126898,01/06/2016
South East,E12000008,2016-06,13226,monthly,305125,01/06/2016
South West,E12000009,2016-06,9089,monthly,233700,01/06/2016
West Midlands Region,E12000005,2016-06,7231,monthly,176729,01/06/2016
London,E12000007,2016-07,8794,monthly,475530,01/07/2016
North East,E12000001,2016-07,3511,monthly,127710,01/07/2016
South East,E12000008,2016-07,14114,monthly,309069,01/07/2016
South West,E12000009,2016-07,9342,monthly,235665,01/07/2016
West Midlands Region,E12000005,2016-07,7505,monthly,176943,01/07/2016
London,E12000007,2016-08,8535,monthly,471957,01/08/2016
North East,E12000001,2016-08,3241,monthly,126116,01/08/2016
South East,E12000008,2016-08,14632,monthly,309981,01/08/2016
South West,E12000009,2016-08,9821,monthly,236832,01/08/2016
West Midlands Region,E12000005,2016-08,8011,monthly,178960,01/08/2016
London,E12000007,2016-09,8275,monthly,471767,01/09/2016
North East,E12000001,2016-09,3370,monthly,124781,01/09/2016
South East,E12000008,2016-09,13617,monthly,307429,01/09/2016
South West,E12000009,2016-09,9276,monthly,237148,01/09/2016
West Midlands Region,E12000005,2016-09,7692,monthly,178837,01/09/2016
London,E12000007,2016-10,8100,monthly,471008,01/10/2016
North East,E12000001,2016-10,3061,monthly,124213,01/10/2016
South East,E12000008,2016-10,12356,monthly,307992,01/10/2016
South West,E12000009,2016-10,8873,monthly,235617,01/10/2016
West Midlands Region,E12000005,2016-10,6992,monthly,177065,01/10/2016
London,E12000007,2016-11,8178,monthly,470854,01/11/2016
North East,E12000001,2016-11,3366,monthly,124910,01/11/2016
South East,E12000008,2016-11,12669,monthly,307867,01/11/2016
South West,E12000009,2016-11,9086,monthly,237150,01/11/2016
West Midlands Region,E12000005,2016-11,7393,monthly,179248,01/11/2016
London,E12000007,2016-12,8460,monthly,472374,01/12/2016
North East,E12000001,2016-12,3661,monthly,126333,01/12/2016
South East,E12000008,2016-12,14140,monthly,309185,01/12/2016
South West,E12000009,2016-12,9921,monthly,236288,01/12/2016
West Midlands Region,E12000005,2016-12,7930,monthly,179668,01/12/2016
London,E12000007,2017-01,6931,monthly,475619,01/01/2017
North East,E12000001,2017-01,2581,monthly,122055,01/01/2017
South East,E12000008,2017-01,10227,monthly,312895,01/01/2017
South West,E12000009,2017-01,6958,monthly,238829,01/01/2017
West Midlands Region,E12000005,2017-01,5663,monthly,178494,01/01/2017
London,E12000007,2017-02,7108,monthly,476717,01/02/2017
North East,E12000001,2017-02,2701,monthly,124088,01/02/2017
South East,E12000008,2017-02,10887,monthly,310033,01/02/2017
South West,E12000009,2017-02,7145,monthly,239143,01/02/2017
West Midlands Region,E12000005,2017-02,6037,monthly,179530,01/02/2017
London,E12000007,2017-03,8659,monthly,475442,01/03/2017
North East,E12000001,2017-03,3530,monthly,121858,01/03/2017
South East,E12000008,2017-03,12670,monthly,310447,01/03/2017
South West,E12000009,2017-03,8763,monthly,238248,01/03/2017
West Midlands Region,E12000005,2017-03,7552,monthly,179542,01/03/2017
London,E12000007,2017-04,7120,monthly,479790,01/04/2017
North East,E12000001,2017-04,3011,monthly,124897,01/04/2017
South East,E12000008,2017-04,11007,monthly,313583,01/04/2017
South West,E12000009,2017-04,7470,monthly,240489,01/04/2017
West Midlands Region,E12000005,2017-04,6032,monthly,181411,01/04/2017
London,E12000007,2017-05,7874,monthly,480902,01/05/2017
North East,E12000001,2017-05,3088,monthly,127074,01/05/2017
South East,E12000008,2017-05,11895,monthly,315314,01/05/2017
South West,E12000009,2017-05,8279,monthly,242531,01/05/2017
West Midlands Region,E12000005,2017-05,6822,monthly,183199,01/05/2017
London,E12000007,2017-06,9192,monthly,480152,01/06/2017
North East,E12000001,2017-06,4245,monthly,128096,01/06/2017
South East,E12000008,2017-06,14680,monthly,318364,01/06/2017
South West,E12000009,2017-06,10186,monthly,245039,01/06/2017
West Midlands Region,E12000005,2017-06,8395,monthly,185214,01/06/2017
London,E12000007,2017-07,8494,monthly,488527,01/07/2017
North East,E12000001,2017-07,3452,monthly,127983,01/07/2017
South East,E12000008,2017-07,13952,monthly,321088,01/07/2017
South West,E12000009,2017-07,9322,monthly,248904,01/07/2017
West Midlands Region,E12000005,2017-07,7782,monthly,187219,01/07/2017
London,E12000007,2017-08,8921,monthly,487085,01/08/2017
North East,E12000001,2017-08,3486,monthly,129738,01/08/2017
South East,E12000008,2017-08,15084,monthly,323089,01/08/2017
South West,E12000009,2017-08,10281,monthly,250432,01/08/2017
West Midlands Region,E12000005,2017-08,8216,monthly,189271,01/08/2017
London,E12000007,2017-09,8239,monthly,483833,01/09/2017
North East,E12000001,2017-09,3562,monthly,127527,01/09/2017
South East,E12000008,2017-09,13696,monthly,322596,01/09/2017
South West,E12000009,2017-09,9403,monthly,249369,01/09/2017
West Midlands Region,E12000005,2017-09,7957,monthly,188232,01/09/2017
London,E12000007,2017-10,7990,monthly,481762,01/10/2017
North East,E12000001,2017-10,3537,monthly,128590,01/10/2017
South East,E12000008,2017-10,13422,monthly,322066,01/10/2017
South West,E12000009,2017-10,9426,monthly,250981,01/10/2017
West Midlands Region,E12000005,2017-10,7788,monthly,188849,01/10/2017
London,E12000007,2017-11,7629,monthly,476290,01/11/2017
North East,E12000001,2017-11,3661,monthly,127126,01/11/2017
South East,E12000008,2017-11,13141,monthly,320212,01/11/2017
South West,E12000009,2017-11,9494,monthly,249345,01/11/2017
West Midlands Region,E12000005,2017-11,7945,monthly,188640,01/11/2017
London,E12000007,2017-12,7883,monthly,476848,01/12/2017
North East,E12000001,2017-12,3664,monthly,130118,01/12/2017
South East,E12000008,2017-12,13223,monthly,320733,01/12/2017
South West,E12000009,2017-12,9462,monthly,249309,01/12/2017
West Midlands Region,E12000005,2017-12,7730,monthly,190466,01/12/2017
London,E12000007,2018-01,6584,monthly,479772,01/01/2018
North East,E12000001,2018-01,2523,monthly,124169,01/01/2018
South East,E12000008,2018-01,10093,monthly,320978,01/01/2018
South West,E12000009,2018-01,6722,monthly,252533,01/01/2018
West Midlands Region,E12000005,2018-01,5852,monthly,187845,01/01/2018
London,E12000007,2018-02,6386,monthly,477860,01/02/2018
North East,E12000001,2018-02,2535,monthly,126444,01/02/2018
South East,E12000008,2018-02,9950,monthly,321375,01/02/2018
South West,E12000009,2018-02,7110,monthly,250793,01/02/2018
West Midlands Region,E12000005,2018-02,6132,monthly,190682,01/02/2018
London,E12000007,2018-03,7350,monthly,472357,01/03/2018
North East,E12000001,2018-03,3213,monthly,124038,01/03/2018
South East,E12000008,2018-03,11783,monthly,319876,01/03/2018
South West,E12000009,2018-03,7734,monthly,250615,01/03/2018
West Midlands Region,E12000005,2018-03,7003,monthly,190077,01/03/2018
London,E12000007,2018-04,6511,monthly,477253,01/04/2018
North East,E12000001,2018-04,2867,monthly,128330,01/04/2018
South East,E12000008,2018-04,9781,monthly,321353,01/04/2018
South West,E12000009,2018-04,7058,monthly,250254,01/04/2018
West Midlands Region,E12000005,2018-04,5844,monthly,191375,01/04/2018
London,E12000007,2018-05,6980,monthly,478485,01/05/2018
North East,E12000001,2018-05,3301,monthly,128840,01/05/2018
South East,E12000008,2018-05,11436,monthly,321825,01/05/2018
South West,E12000009,2018-05,8038,monthly,251132,01/05/2018
West Midlands Region,E12000005,2018-05,6757,monthly,191299,01/05/2018
London,E12000007,2018-06,8135,monthly,479931,01/06/2018
North East,E12000001,2018-06,4050,monthly,128049,01/06/2018
South East,E12000008,2018-06,13779,monthly,324665,01/06/2018
South West,E12000009,2018-06,9476,monthly,252603,01/06/2018
West Midlands Region,E12000005,2018-06,8141,monthly,193886,01/06/2018
London,E12000007,2018-07,8303,monthly,484724,01/07/2018
North East,E12000001,2018-07,3460,monthly,131245,01/07/2018
South East,E12000008,2018-07,13184,monthly,327091,01/07/2018
South West,E12000009,2018-07,8792,monthly,256893,01/07/2018
West Midlands Region,E12000005,2018-07,7454,monthly,196297,01/07/2018
London,E12000007,2018-08,8975,monthly,479550,01/08/2018
North East,E12000001,2018-08,3935,monthly,130376,01/08/2018
South East,E12000008,2018-08,14793,monthly,328061,01/08/2018
South West,E12000009,2018-08,10305,monthly,258465,01/08/2018
West Midlands Region,E12000005,2018-08,8295,monthly,196757,01/08/2018
London,E12000007,2018-09,7636,monthly,476545,01/09/2018
North East,E12000001,2018-09,3115,monthly,130223,01/09/2018
South East,E12000008,2018-09,11992,monthly,327054,01/09/2018
South West,E12000009,2018-09,8137,monthly,258839,01/09/2018
West Midlands Region,E12000005,2018-09,7180,monthly,198120,01/09/2018
London,E12000007,2018-10,7956,monthly,480057,01/10/2018
North East,E12000001,2018-10,3560,monthly,130759,01/10/2018
South East,E12000008,2018-10,13093,monthly,324475,01/10/2018
South West,E12000009,2018-10,9362,monthly,256898,01/10/2018
West Midlands Region,E12000005,2018-10,7895,monthly,197972,01/10/2018
London,E12000007,2018-11,8130,monthly,474347,01/11/2018
North East,E12000001,2018-11,3829,monthly,128894,01/11/2018
South East,E12000008,2018-11,13696,monthly,323266,01/11/2018
South West,E12000009,2018-11,9595,monthly,256928,01/11/2018
West Midlands Region,E12000005,2018-11,8943,monthly,196446,01/11/2018
London,E12000007,2018-12,6957,monthly,473252,01/12/2018
North East,E12000001,2018-12,3358,monthly,128696,01/12/2018
South East,E12000008,2018-12,11914,monthly,321118,01/12/2018
South West,E12000009,2018-12,8447,monthly,256577,01/12/2018
West Midlands Region,E12000005,2018-12,7365,monthly,198469,01/12/2018
London,E12000007,2019-01,6031,monthly,470067,01/01/2019
North East,E12000001,2019-01,2538,monthly,125448,01/01/2019
South East,E12000008,2019-01,9325,monthly,322226,01/01/2019
South West,E12000009,2019-01,6526,monthly,254632,01/01/2019
West Midlands Region,E12000005,2019-01,5458,monthly,195498,01/01/2019
London,E12000007,2019-02,5967,monthly,466068,01/02/2019
North East,E12000001,2019-02,2617,monthly,124533,01/02/2019
South East,E12000008,2019-02,9410,monthly,320095,01/02/2019
South West,E12000009,2019-02,6476,monthly,255243,01/02/2019
West Midlands Region,E12000005,2019-02,6023,monthly,197368,01/02/2019
London,E12000007,2019-03,6875,monthly,464162,01/03/2019
North East,E12000001,2019-03,3337,monthly,124666,01/03/2019
South East,E12000008,2019-03,10703,monthly,317129,01/03/2019
South West,E12000009,2019-03,7615,monthly,253051,01/03/2019
West Midlands Region,E12000005,2019-03,6870,monthly,195058,01/03/2019
London,E12000007,2019-04,6063,monthly,469537,01/04/2019
North East,E12000001,2019-04,2807,monthly,128863,01/04/2019
South East,E12000008,2019-04,10174,monthly,318912,01/04/2019
South West,E12000009,2019-04,6983,monthly,252921,01/04/2019
West Midlands Region,E12000005,2019-04,6227,monthly,195476,01/04/2019
London,E12000007,2019-05,6815,monthly,463628,01/05/2019
North East,E12000001,2019-05,3338,monthly,128851,01/05/2019
South East,E12000008,2019-05,11063,monthly,318250,01/05/2019
South West,E12000009,2019-05,7763,monthly,252527,01/05/2019
West Midlands Region,E12000005,2019-05,6883,monthly,197002,01/05/2019
London,E12000007,2019-06,6991,monthly,470519,01/06/2019
North East,E12000001,2019-06,3628,monthly,129511,01/06/2019
South East,E12000008,2019-06,11537,monthly,320835,01/06/2019
South West,E12000009,2019-06,8057,monthly,252692,01/06/2019
West Midlands Region,E12000005,2019-06,7130,monthly,196679,01/06/2019
London,E12000007,2019-07,8275,monthly,478505,01/07/2019
North East,E12000001,2019-07,3467,monthly,129844,01/07/2019
South East,E12000008,2019-07,12874,monthly,322549,01/07/2019
South West,E12000009,2019-07,8596,monthly,258177,01/07/2019
West Midlands Region,E12000005,2019-07,7185,monthly,197675,01/07/2019
London,E12000007,2019-08,8797,monthly,472729,01/08/2019
North East,E12000001,2019-08,3708,monthly,131440,01/08/2019
South East,E12000008,2019-08,14003,monthly,322720,01/08/2019
South West,E12000009,2019-08,9127,monthly,258322,01/08/2019
West Midlands Region,E12000005,2019-08,7863,monthly,200304,01/08/2019
London,E12000007,2019-09,7586,monthly,477146,01/09/2019
North East,E12000001,2019-09,3252,monthly,131917,01/09/2019
South East,E12000008,2019-09,11931,monthly,323762,01/09/2019
South West,E12000009,2019-09,7938,monthly,258780,01/09/2019
West Midlands Region,E12000005,2019-09,6913,monthly,200466,01/09/2019
London,E12000007,2019-10,7901,monthly,472668,01/10/2019
North East,E12000001,2019-10,3444,monthly,129316,01/10/2019
South East,E12000008,2019-10,12908,monthly,322285,01/10/2019
South West,E12000009,2019-10,8781,monthly,258647,01/10/2019
West Midlands Region,E12000005,2019-10,7749,monthly,199973,01/10/2019
London,E12000007,2019-11,7833,monthly,468757,01/11/2019
North East,E12000001,2019-11,3904,monthly,129493,01/11/2019
South East,E12000008,2019-11,13231,monthly,322200,01/11/2019
South West,E12000009,2019-11,9101,monthly,256540,01/11/2019
West Midlands Region,E12000005,2019-11,7878,monthly,200095,01/11/2019
London,E12000007,2019-12,7107,monthly,479153,01/12/2019
North East,E12000001,2019-12,3370,monthly,129310,01/12/2019
South East,E12000008,2019-12,12615,monthly,321278,01/12/2019
South West,E12000009,2019-12,8489,monthly,256349,01/12/2019
West Midlands Region,E12000005,2019-12,7270,monthly,198301,01/12/2019
London,E12000007,2020-01,6527,monthly,475948,01/01/2020
North East,E12000001,2020-01,2733,monthly,127346,01/01/2020
South East,E12000008,2020-01,9742,monthly,321704,01/01/2020
South West,E12000009,2020-01,6566,monthly,257494,01/01/2020
West Midlands Region,E12000005,2020-01,5692,monthly,201060,01/01/2020
London,E12000007,2020-02,6465,monthly,474480,01/02/2020
North East,E12000001,2020-02,2604,monthly,126993,01/02/2020
South East,E12000008,2020-02,9889,monthly,318182,01/02/2020
South West,E12000009,2020-02,6465,monthly,256208,01/02/2020
West Midlands Region,E12000005,2020-02,5674,monthly,198974,01/02/2020
London,E12000007,2020-03,6842,monthly,482605,01/03/2020
North East,E12000001,2020-03,2623,monthly,128306,01/03/2020
South East,E12000008,2020-03,10166,monthly,323167,01/03/2020
South West,E12000009,2020-03,6818,monthly,259458,01/03/2020
West Midlands Region,E12000005,2020-03,5554,monthly,199637,01/03/2020
London,E12000007,2020-04,3206,monthly,476159,01/04/2020
North East,E12000001,2020-04,1003,monthly,123222,01/04/2020
South East,E12000008,2020-04,4138,monthly,325154,01/04/2020
South West,E12000009,2020-04,2467,monthly,256514,01/04/2020
West Midlands Region,E12000005,2020-04,2290,monthly,195075,01/04/2020
London,E12000007,2020-05,2929,monthly,473225,01/05/2020
North East,E12000001,2020-05,1557,monthly,127999,01/05/2020
South East,E12000008,2020-05,5049,monthly,320817,01/05/2020
South West,E12000009,2020-05,3494,monthly,256208,01/05/2020
West Midlands Region,E12000005,2020-05,3216,monthly,200156,01/05/2020
London,E12000007,2020-06,4511,monthly,479969,01/06/2020
North East,E12000001,2020-06,2395,monthly,129666,01/06/2020
South East,E12000008,2020-06,7833,monthly,322024,01/06/2020
South West,E12000009,2020-06,5379,monthly,259382,01/06/2020
West Midlands Region,E12000005,2020-06,4649,monthly,201330,01/06/2020
London,E12000007,2020-07,5988,monthly,483830,01/07/2020
North East,E12000001,2020-07,2733,monthly,130778,01/07/2020
South East,E12000008,2020-07,9560,monthly,325748,01/07/2020
South West,E12000009,2020-07,6413,monthly,263582,01/07/2020
West Midlands Region,E12000005,2020-07,5449,monthly,203527,01/07/2020
London,E12000007,2020-08,6148,monthly,489424,01/08/2020
North East,E12000001,2020-08,2920,monthly,131543,01/08/2020
South East,E12000008,2020-08,9855,monthly,329417,01/08/2020
South West,E12000009,2020-08,6477,monthly,265158,01/08/2020
West Midlands Region,E12000005,2020-08,5471,monthly,205908,01/08/2020
London,E12000007,2020-09,7087,monthly,493205,01/09/2020
North East,E12000001,2020-09,3063,monthly,134794,01/09/2020
South East,E12000008,2020-09,11245,monthly,331926,01/09/2020
South West,E12000009,2020-09,7310,monthly,269727,01/09/2020
West Midlands Region,E12000005,2020-09,5769,monthly,207291,01/09/2020
London,E12000007,2020-10,8083,monthly,486212,01/10/2020
North East,E12000001,2020-10,3921,monthly,134715,01/10/2020
South East,E12000008,2020-10,13862,monthly,332489,01/10/2020
South West,E12000009,2020-10,9373,monthly,271744,01/10/2020
West Midlands Region,E12000005,2020-10,7473,monthly,208805,01/10/2020
London,E12000007,2020-11,7825,monthly,494552,01/11/2020
North East,E12000001,2020-11,3675,monthly,137358,01/11/2020
South East,E12000008,2020-11,13969,monthly,336738,01/11/2020
South West,E12000009,2020-11,9128,monthly,273200,01/11/2020
West Midlands Region,E12000005,2020-11,7174,monthly,210348,01/11/2020
London,E12000007,2020-12,9201,monthly,494193,01/12/2020
North East,E12000001,2020-12,3883,monthly,138980,01/12/2020
South East,E12000008,2020-12,15999,monthly,337686,01/12/2020
South West,E12000009,2020-12,10808,monthly,276477,01/12/2020
West Midlands Region,E12000005,2020-12,8128,monthly,213578,01/12/2020
London,E12000007,2021-01,7398,monthly,499115,01/01/2021
North East,E12000001,2021-01,2884,monthly,139236,01/01/2021
South East,E12000008,2021-01,12652,monthly,340552,01/01/2021
South West,E12000009,2021-01,7710,monthly,277271,01/01/2021
West Midlands Region,E12000005,2021-01,6059,monthly,213786,01/01/2021