code,category,value,areaName,popDensity,pop
W07000049,4,2453,Aberavon,393.5,69370
W07000058,4,3021,Aberconwy,92.6,55868
E14000530,4,9484,Aldershot,2100.3,111272
E14000531,4,3839,Aldridge-Brownhills,1764.2,77655
E14000532,4,6262,Altrincham and Sale West,1981.6,100924
W07000043,4,1840,Alyn and Deeside,543.5,84368
E14000533,4,1953,Amber Valley,724.6,90322
W07000057,4,1625,Arfon,146.6,59867
E14000534,4,3788,Arundel and South Downs,161.6,104294
E14000535,4,2542,Ashfield,970.1,104493
E14000536,4,5748,Ashford,252.8,127324
E14000537,4,5151,Ashton-under-Lyne,3452.6,95973
E14000538,4,7445,Aylesbury,674.5,125084
E14000539,4,5551,Banbury,294.3,136462
E14000540,4,13804,Barking,7138.2,145888
E14000541,4,3699,Barnsley Central,1872.2,90556
E14000542,4,1944,Barnsley East,1087,94358
E14000543,4,2867,Barrow and Furness,310.8,87437
E14000544,4,6680,Basildon and Billericay,1622.1,97701
E14000545,4,9094,Basingstoke,2028.2,119496
E14000546,4,2764,Bassetlaw,226.1,108411
E14000547,4,7349,Bath,3314.4,95043
E14000548,4,5135,Batley and Spen,2010.3,110689
E14000549,4,28753,Battersea,11622.1,119431
E14000550,4,7068,Beaconsfield,595.9,105031
E14000551,4,10327,Beckenham,2690.4,92777
E14000552,4,9166,Bedford,3258.8,110601
E14000553,4,49230,Bermondsey and Old Southwark,13684.1,142764
E14000554,4,2283,Berwick-upon-Tweed,31.7,75539
E14000555,4,40610,Bethnal Green and Bow,15599.2,143022
E14000556,4,2385,Beverley and Holderness,129.2,99943
E14000557,4,6438,Bexhill and Battle,198.7,104675
E14000558,4,6765,Bexleyheath and Crayford,4375,94614
E14000559,4,6674,Birkenhead,3593.7,90277
E14000560,4,10721,Birmingham Edgbaston,3535.9,100128
E14000561,4,8474,Birmingham Erdington,4755.5,104857
E14000562,4,6221,Birmingham Hall Green,6180.7,121914
E14000563,4,4821,Birmingham Hodge Hill,6452.9,132373
E14000564,4,26518,Birmingham Ladywood,5595.6,144060
E14000565,4,8067,Birmingham Northfield,4329.9,105894
E14000566,4,4630,Birmingham Perry Barr,4523.4,112440
E14000567,4,6809,Birmingham Selly Oak,5010.3,109605
E14000568,4,5976,Birmingham Yardley,5172.1,116963
E14000569,4,1636,Bishop Auckland,97.9,89911
E14000570,4,4307,Blackburn,2835.5,114395
E14000571,4,12755,Blackley and Broughton,4577.7,128910
E14000572,4,4818,Blackpool North and Cleveleys,3605.6,82873
E14000573,4,4722,Blackpool South,4005.3,81000
W07000072,4,2268,Blaenau Gwent,615.3,66904
E14000574,4,2900,Blaydon,798,88020
E14000575,4,4305,Blyth Valley,1212.1,85337
E14000576,4,8687,Bognor Regis and Littlehampton,1797.1,110151
E14000577,4,1836,Bolsover,441.6,99978
E14000578,4,5292,Bolton North East,2812.3,101084
E14000579,4,5092,Bolton South East,3025.4,111408
E14000580,4,3608,Bolton West,1381,99105
E14000581,4,6668,Bootle,3922.9,101382
E14000582,4,4526,Boston and Skegness,154.8,109489
E14000583,4,3257,Bosworth,369.6,106831
E14000584,4,14087,Bournemouth East,4188.6,106938
E14000585,4,14628,Bournemouth West,3960,107625
E14000586,4,8537,Bracknell,1541.1,113959
E14000587,4,5175,Bradford East,4281,121814
E14000588,4,3261,Bradford South,2460.4,106440
E14000589,4,6717,Bradford West,3443.2,121355
E14000590,4,4650,Braintree,220.9,103261
W07000068,4,1665,Brecon and Radnorshire,23.1,69422
E14000591,4,21752,Brent Central,8185.2,149718
E14000592,4,15127,Brent North,6971.2,144919
E14000593,4,23346,Brentford and Isleworth,5504.1,143870
E14000594,4,6790,Brentwood and Ongar,310.6,98367
W07000073,4,3328,Bridgend,1012.1,85760
E14000595,4,4446,Bridgwater and West Somerset,107.7,116290
E14000596,4,1886,Brigg and Goole,137.6,87668
E14000597,4,10653,Brighton Kemptown,2355.6,93658
E14000598,4,11487,Brighton Pavilion,3607,104739
E14000599,4,7439,Bristol East,4399.8,104315
E14000600,4,7601,Bristol North West,2493,110048
E14000601,4,8335,Bristol South,4807.1,118142
E14000602,4,18663,Bristol West,8118.8,139962
E14000603,4,1163,Broadland,131,100065
E14000604,4,8922,Bromley and Chislehurst,3268,96093
E14000605,4,3642,Bromsgrove,457.1,99183
E14000606,4,9411,Broxbourne,1564.9,104651
E14000607,4,4164,Broxtowe,1464,96315
E14000608,4,2503,Buckingham,128.3,111253
E14000609,4,2788,Burnley,855.1,94646
E14000610,4,4792,Burton,462.4,112531
E14000611,4,4062,Bury North,1800.6,91858
E14000612,4,5673,Bury South,2105.3,101993
E14000613,4,5314,Bury St Edmunds,233.9,117447
W07000076,4,2708,Caerphilly,750.3,85955
E14000614,4,4233,Calder Valley,334.9,102574
E14000615,4,30794,Camberwell and Peckham,11226.1,128032
E14000616,4,3004,Camborne and Redruth,341.8,95442
E14000617,4,15203,Cambridge,3696.4,133746
E14000618,4,4092,Cannock Chase,1274.3,100519
E14000619,4,6900,Canterbury,455.9,113389
W07000050,4,7417,Cardiff Central,5484.5,92207
W07000051,4,5187,Cardiff North,2117.9,90344
W07000080,4,12833,Cardiff South and Penarth,2457.5,114042
W07000079,4,6439,Cardiff West,1864.4,95048
E14000620,4,3842,Carlisle,418.9,88214
W07000067,4,1023,Carmarthen East and Dinefwr,47.4,73640
W07000066,4,2737,Carmarthen West and South Pembrokeshire,76.2,77619
E14000621,4,11117,Carshalton and Wallington,4105.8,104684
E14000622,4,2866,Castle Point,2005.4,89587
E14000623,4,1975,Central Devon,67.5,95461
E14000624,4,2283,Central Suffolk and North Ipswich,129.5,103126
W07000064,4,1986,Ceredigion,40,71475
E14000625,4,2198,Charnwood,611.7,104920
E14000626,4,4939,Chatham and Aylesford,1668.8,102562
E14000627,4,3980,Cheadle,2425,95479
E14000628,4,10948,Chelmsford,2662.6,112871
E14000629,4,22923,Chelsea and Fulham,12282.1,101755
E14000630,4,9553,Cheltenham,2876.3,107128
E14000631,4,5137,Chesham and Amersham,492.4,96686
E14000632,4,4589,Chesterfield,1968.9,93241
E14000633,4,6613,Chichester,184.2,114421
E14000634,4,10326,Chingford and Woodford Green,5038.3,95976
E14000635,4,4126,Chippenham,606.3,101637
E14000636,4,13425,Chipping Barnet,3395.6,117512
E14000637,4,3851,Chorley,676.6,105010
E14000638,4,6066,Christchurch,807.6,87804
E14000639,4,38105,Cities of London and Westminster,6167.2,101036
E14000640,4,7349,City of Chester,751,100267
E14000641,4,2612,City of Durham,532.2,99354
E14000642,4,5757,Clacton,693.3,90966
E14000643,4,1994,Cleethorpes,284.3,94167
W07000062,4,2107,Clwyd South,113.6,70770
W07000059,4,3207,Clwyd West,80.6,74204
E14000644,4,11846,Colchester,2715.5,123861
E14000645,4,3095,Colne Valley,626.2,112944
E14000646,4,2541,Congleton,493.1,104038
E14000647,4,1793,Copeland,65.7,76514
E14000648,4,3980,Corby,233.7,129465
E14000649,4,6672,Coventry North East,4568.5,124409
E14000650,4,6327,Coventry North West,2785,107290
E14000651,4,8080,Coventry South,3455.5,113624
E14000652,4,10807,Crawley,2634.9,118493
E14000653,4,4190,Crewe and Nantwich,838.2,114158
E14000654,4,16996,Croydon Central,4871,124880
E14000655,4,17473,Croydon North,8348.3,146659
E14000656,4,9816,Croydon South,2753.5,119184
W07000070,4,2158,Cynon Valley,387.3,70624
E14000657,4,9346,Dagenham and Rainham,2826.6,115799
E14000658,4,5049,Darlington,3069.1,92196
E14000659,4,10002,Dartford,1428.7,122684
E14000660,4,2133,Daventry,144.3,107580
W07000042,4,1648,Delyn,248,70595
E14000661,4,4525,Denton and Reddish,3420.6,87826
E14000662,4,6151,Derby North,3498.5,103235
E14000663,4,6120,Derby South,3796.1,118517
E14000664,4,2023,Derbyshire Dales,89,80827
E14000665,4,3671,Devizes,101.4,103818
E14000666,4,3577,Dewsbury,901.4,113642
E14000667,4,1868,Don Valley,405.5,101713
E14000668,4,4667,Doncaster Central,1775.8,107557
E14000669,4,2001,Doncaster North,385.2,98836
E14000670,4,5902,Dover,476.6,102068
E14000671,4,4860,Dudley North,3738,86251
E14000672,4,3534,Dudley South,3215.2,81590
E14000673,4,17921,Dulwich and West Norwood,7680.9,113877
W07000061,4,1473,Dwyfor Meirionnydd,27,57526
E14000674,4,21223,Ealing Central and Acton,7206.7,129213
E14000675,4,15632,Ealing North,5583.3,129902
E14000676,4,9265,Ealing Southall,7528.1,108003
E14000677,4,1522,Easington,693.3,81512
E14000678,4,5149,East Devon,335.9,111916
E14000679,4,19020,East Ham,8854.9,166954
E14000680,4,5531,East Hampshire,222.3,103051
E14000681,4,8654,East Surrey,444.4,115300
E14000682,4,7529,East Worthing and Shoreham,1796.8,99623
E14000683,4,3266,East Yorkshire,99.1,104359
E14000684,4,12594,Eastbourne,1988,109244
E14000685,4,6949,Eastleigh,1589.7,115317
E14000686,4,1617,Eddisbury,138.3,98559
E14000687,4,12424,Edmonton,6423.4,118033
E14000688,4,3723,Ellesmere Port and Neston,748.9,92170
E14000689,4,2896,Elmet and Rothwell,423.4,104150
E14000690,4,10459,Eltham,4498,97145
E14000691,4,12777,Enfield North,2924.2,108991
E14000692,4,11575,Enfield Southgate,4090,102960
E14000693,4,9190,Epping Forest,812.8,102613
E14000694,4,8109,Epsom and Ewell,2159.3,111723
E14000695,4,2824,Erewash,1585.1,95173
E14000696,4,13849,Erith and Thamesmead,5074.3,118302
E14000697,4,8649,Esher and Walton,1461,115809
E14000698,4,9458,Exeter,3036,115228
E14000699,4,5181,Fareham,1584.1,100195
E14000700,4,3509,Faversham and Mid Kent,261.5,101497
E14000701,4,15192,Feltham and Heston,4838.7,144311
E14000702,4,5897,Filton and Bradley Stoke,1316.1,106211
E14000703,4,18497,Finchley and Golders Green,6054.5,126046
E14000704,4,7307,Folkestone and Hythe,265.5,115181
E14000705,4,1672,Forest of Dean,156.9,91560
E14000706,4,5329,Fylde,509.1,88528
E14000707,4,1575,Gainsborough,81.4,97744
E14000708,4,5335,Garston and Halewood,1985.8,101291
E14000709,4,10978,Gateshead,3725.5,91668
E14000710,4,4435,Gedling,2482.9,94686
E14000711,4,4365,Gillingham and Rainham,3367.1,102313
E14000712,4,8006,Gloucester,3257.7,122881
E14000713,4,7683,Gosport,2646.4,96270
W07000046,4,2658,Gower,263.6,78057
E14000714,4,3810,Grantham and Stamford,164.5,112784
E14000715,4,6745,Gravesham,1079.9,106900
E14000716,4,3796,Great Grimsby,3062.5,86152
E14000717,4,5155,Great Yarmouth,572.2,99748
E14000718,4,32040,Greenwich and Woolwich,8080.8,135794
E14000719,4,7757,Guildford,590.3,111352
E14000720,4,27751,Hackney North and Stoke Newington,14812.2,134211
E14000721,4,36316,Hackney South and Shoreditch,12514.7,124933
E14000722,4,5031,Halesowen and Rowley Regis,3110.7,92581
E14000723,4,5580,Halifax,1803.5,104057
E14000724,4,2476,Haltemprice and Howden,209.5,90466
E14000725,4,4455,Halton,1918,97517
E14000726,4,26277,Hammersmith,10448.2,117829
E14000727,4,26444,Hampstead and Kilburn,10093.1,128684
E14000728,4,3116,Harborough,534,109406
E14000729,4,9942,Harlow,1309.8,104375
E14000730,4,6019,Harrogate and Knaresborough,707,104739
E14000731,4,7890,Harrow East,4689.8,111185
E14000732,4,12670,Harrow West,6550.4,116945
E14000733,4,3995,Hartlepool,985.3,92338
E14000734,4,3737,Harwich and North Essex,245.4,95791
E14000735,4,8678,Hastings and Rye,617.3,109290
E14000736,4,6762,Havant,1996.5,95005
E14000737,4,11452,Hayes and Harlington,2806.6,126402
E14000738,4,3277,Hazel Grove,1378.6,80374
E14000739,4,10341,Hemel Hempstead,1030.8,107583
E14000740,4,2336,Hemsworth,668.3,100236
E14000741,4,22524,Hendon,4651.6,145786
E14000742,4,3060,Henley,151.7,103752
E14000743,4,5203,Hereford and South Herefordshire,134.7,97542
E14000744,4,9623,Hertford and Stortford,734.8,115086
E14000745,4,10576,Hertsmere,1066.2,107827
E14000746,4,2118,Hexham,31.5,76400
E14000747,4,5021,Heywood and Middleton,1507.3,109389
E14000748,4,2993,High Peak,168.7,90933
E14000749,4,7007,Hitchin and Harpenden,404.5,103661
E14000750,4,33922,Holborn and St Pancras,9603.6,126630
E14000751,4,7714,Hornchurch and Upminster,1953.9,112626
E14000752,4,17342,Hornsey and Wood Green,7573.3,124602
E14000753,4,8482,Horsham,342.7,117994
E14000754,4,2933,Houghton and Sunderland South,1363.2,89719
E14000755,4,12835,Hove,4240.7,101535
E14000756,4,5253,Huddersfield,2039.2,95939
E14000757,4,6005,Huntingdon,372.9,122541
E14000758,4,3165,Hyndburn,1041.6,94025
E14000759,4,8869,Ilford North,3974.6,115261
E14000760,4,10632,Ilford South,9407,147349
E14000761,4,11107,Ipswich,3643.4,114820
E14000762,4,8572,Isle of Wight,370,140459
E14000763,4,24115,Islington North,14874.8,109828
E14000764,4,31237,Islington South and Finsbury,14283.2,106761
W07000077,4,1804,Islwyn,664,74368
E14000765,4,4367,Jarrow,1774.5,83842
E14000766,4,3677,Keighley,604.4,99380
E14000767,4,2737,Kenilworth and Southam,148.8,91946
E14000768,4,27785,Kensington,11930,106948
E14000769,4,4587,Kettering,453.2,105824
E14000770,4,14353,Kingston and Surbiton,4376.6,124157
E14000771,4,3138,Kingston upon Hull East,3171,91314
E14000772,4,3261,Kingston upon Hull North,4074.7,100966
E14000773,4,7363,Kingston upon Hull West and Hessle,3803.9,90220
E14000774,4,3985,Kingswood,2119.2,91398
E14000775,4,3987,Knowsley,2055.5,111405
E14000776,4,3877,Lancaster and Fleetwood,206.6,90476
E14000777,4,21430,Leeds Central,3708.6,151887
E14000778,4,5730,Leeds East,3113.9,104889
E14000779,4,8061,Leeds North East,2435.9,96180
E14000780,4,5773,Leeds North West,1406,87341
E14000781,4,8244,Leeds West,3274.9,99050
E14000782,4,4903,Leicester East,5459.8,127139
E14000783,4,10321,Leicester South,6054.5,128261
E14000784,4,7454,Leicester West,3919.8,113170
E14000785,4,3588,Leigh,1627.1,109116
E14000786,4,5265,Lewes,245.2,90934
E14000789,4,25468,Lewisham Deptford,10630.3,127881
E14000787,4,12389,Lewisham East,7388.9,109141
E14000788,4,18050,Lewisham West and Penge,7048.8,111827
E14000790,4,11924,Leyton and Wanstead,7031.4,107683
E14000791,4,4130,Lichfield,302.5,98626
E14000792,4,7017,Lincoln,1836.8,117371
E14000793,4,18715,Liverpool Riverside,5205.9,125345
E14000794,4,4520,Liverpool Walton,4720.9,93312
E14000795,4,4588,Liverpool Wavertree,5391.6,92116
E14000796,4,3373,Liverpool West Derby,4596.6,94779
W07000045,4,1766,Llanelli,350.5,82366
E14000797,4,4563,Loughborough,835.9,109142
E14000798,4,1852,Louth and Horncastle,73.1,100718
E14000799,4,1681,Ludlow,54.9,85372
E14000800,4,5019,Luton North,5789.2,108752
E14000801,4,11240,Luton South,2213.8,123504
E14000802,4,3818,Macclesfield,316.7,95571
E14000803,4,7125,Maidenhead,588.5,107947
E14000804,4,8112,Maidstone and The Weald,505.9,113165
E14000805,4,1998,Makerfield,1784.6,99690
E14000806,4,3140,Maldon,253.8,94314
E14000807,4,26894,Manchester Central,5491.1,156301
E14000808,4,8131,Manchester Gorton,6957.5,120232
E14000809,4,8938,Manchester Withington,5191.6,100268
E14000810,4,3592,Mansfield,1440.5,110482
E14000811,4,4369,Meon Valley,244.1,98194
E14000812,4,8466,Meriden,787.3,114598
W07000071,4,1992,Merthyr Tydfil and Rhymney,460.9,74471
E14000813,4,2754,Mid Bedfordshire,268.9,123014
E14000814,4,1454,Mid Derbyshire,911,83942
E14000815,4,4031,Mid Dorset and North Poole,480.1,84405
E14000816,4,2290,Mid Norfolk,146.5,111373
E14000817,4,8441,Mid Sussex,614.8,115653
E14000818,4,4058,Mid Worcestershire,244.4,107744
E14000819,4,4529,Middlesbrough,3331.5,97073
E14000820,4,3272,Middlesbrough South and East Cleveland,486.8,95970
E14000821,4,9925,Milton Keynes North,611.7,139959
E14000822,4,8900,Milton Keynes South,1842.5,147101
E14000823,4,11992,Mitcham and Morden,6931.2,113971
E14000824,4,5783,Mole Valley,261.6,96656
W07000054,4,3048,Monmouth,102.5,85045
W07000063,4,1522,Montgomeryshire,29.3,63747
E14000825,4,4102,Morecambe and Lunesdale,365.6,89301
E14000826,4,3555,Morley and Outwood,1524.8,104624
W07000069,4,2688,Neath,275.2,72919
E14000827,4,3414,New Forest East,229.3,90779
E14000828,4,5108,New Forest West,238.6,85006
E14000829,4,3081,Newark,149.3,104558
E14000830,4,7046,Newbury,190.1,113436
E14000831,4,11941,Newcastle upon Tyne Central,4358.3,103757
E14000832,4,12014,Newcastle upon Tyne East,5175.9,98784
E14000833,4,6523,Newcastle upon Tyne North,1383,97585
E14000834,4,3955,Newcastle-under-Lyme,1093.4,88686
W07000055,4,3729,Newport East,685.5,83914
W07000056,4,5649,Newport West,966.5,93231
E14000835,4,4248,Newton Abbot,459.5,93515
E14000836,4,4585,Normanton Pontefract and Castleford,1368.9,118263
E14000837,4,2987,North Cornwall,77.8,93023
E14000838,4,3617,North Devon,90.8,98611
E14000839,4,3023,North Dorset,111.6,98234
E14000840,4,1920,North Durham,838.9,87334
E14000841,4,3635,North East Bedfordshire,228.2,123887
E14000842,4,3445,North East Cambridgeshire,166.9,120844
E14000843,4,2394,North East Derbyshire,405.8,92624
E14000844,4,4471,North East Hampshire,263.8,105908
E14000845,4,5911,North East Hertfordshire,204.6,102789
E14000846,4,3323,North East Somerset,310.1,98366
E14000847,4,1746,North Herefordshire,61.5,89492
E14000848,4,2925,North Norfolk,117.3,85620
E14000849,4,2368,North Shropshire,117.8,110155
E14000850,4,5294,North Somerset,452.3,103166
E14000851,4,7004,North Swindon,1140.1,121219
E14000852,4,6092,North Thanet,726.6,99347
E14000853,4,9655,North Tyneside,2438.9,107641
E14000854,4,3332,North Warwickshire,351.5,93667
E14000855,4,5552,North West Cambridgeshire,191.5,142816
E14000856,4,1134,North West Durham,134.3,93898
E14000857,4,5178,North West Hampshire,194.3,114534
E14000858,4,2206,North West Leicestershire,374.8,104706
E14000859,4,4134,North West Norfolk,125.2,98681
E14000860,4,2575,North Wiltshire,139.8,99878
E14000861,4,4242,Northampton North,4166.8,93198
E14000862,4,9143,Northampton South,3241.9,106827
E14000863,4,6262,Norwich North,2552.2,92083
E14000864,4,14779,Norwich South,3679,105923
E14000865,4,9361,Nottingham East,5750.3,107566
E14000866,4,4659,Nottingham North,4256.8,99361
E14000867,4,8989,Nottingham South,3583.6,116705
E14000868,4,4315,Nuneaton,1198.3,99485
W07000074,4,1937,Ogmore,379.9,77076
E14000869,4,6360,Old Bexley and Sidcup,3653.5,89685
E14000870,4,4221,Oldham East and Saddleworth,1040.2,108607
E14000871,4,4913,Oldham West and Royton,3632.6,112024
E14000872,4,4574,Orpington,1179.1,92824
E14000873,4,10200,Oxford East,4295.4,131459
E14000874,4,7599,Oxford West and Abingdon,845.7,108036
E14000875,4,2269,Pendle,565.3,95757
E14000876,4,2541,Penistone and Stocksbridge,303,89019
E14000877,4,2162,Penrith and The Border,27.2,84424
E14000878,4,7906,Peterborough,749.3,131148
E14000879,4,4664,Plymouth Moor View,2922.3,95341
E14000880,4,12496,Plymouth Sutton and Devonport,5330.1,112656
W07000075,4,2468,Pontypridd,776,81507
E14000881,4,12292,Poole,3205.2,100017
E14000882,4,56646,Poplar and Limehouse,15778,167285
E14000883,4,6753,Portsmouth North,3715.6,100134
E14000884,4,16041,Portsmouth South,8030.5,107870
W07000065,4,2204,Preseli Pembrokeshire,65.8,77631
E14000885,4,7092,Preston,3623.1,95948
E14000886,4,4703,Pudsey,1779.6,97855
E14000887,4,23484,Putney,7905.4,100788
E14000888,4,3742,Rayleigh and Wickford,909.5,100084
E14000889,4,11285,Reading East,4375.3,120561
E14000890,4,9431,Reading West,2209.9,112396
E14000891,4,2661,Redcar,1203.1,87412
E14000892,4,4762,Redditch,626,93049
E14000893,4,9674,Reigate,961,107467
W07000052,4,1789,Rhondda,682.4,68171
E14000894,4,2437,Ribble Valley,163.2,103059
E14000896,4,15342,Richmond Park,3270.2,121412
E14000895,4,2427,Richmond Yorks,50.5,105018
E14000897,4,4896,Rochdale,1337,114387
E14000898,4,7510,Rochester and Strood,783.3,116649
E14000899,4,10745,Rochford and Southend East,1138.8,105872
E14000900,4,9689,Romford,3626.4,106610
E14000901,4,4810,Romsey and Southampton North,218.7,91927
E14000902,4,2963,Rossendale and Darwen,457.2,99423
E14000903,4,2113,Rother Valley,593.8,99027
E14000904,4,5449,Rotherham,2009.5,90617
E14000905,4,4761,Rugby,439.8,108442
E14000906,4,9388,Ruislip Northwood and Pinner,2025.8,100305
E14000907,4,9773,Runnymede and Weybridge,1183.3,111025
E14000908,4,3415,Rushcliffe,328.8,101693
E14000909,4,2270,Rutland and Melton,97.8,108054
E14000910,4,4235,Saffron Walden,148.2,117848
E14000911,4,22517,Salford and Eccles,4070.7,129173
E14000912,4,5021,Salisbury,163.7,100271
E14000913,4,6482,Scarborough and Whitby,131.6,97185
E14000914,4,3878,Scunthorpe,496.8,90619
E14000915,4,1021,Sedgefield,233.5,85663
E14000916,4,3094,Sefton Central,1009.4,84869
E14000917,4,2266,Selby and Ainsty,125.2,105808
E14000918,4,4792,Sevenoaks,391.2,97630
E14000921,4,5799,Sheffield Brightside and Hillsborough,3984,109078
E14000919,4,15426,Sheffield Central,5843.5,117820
E14000922,4,4779,Sheffield Hallam,655.9,88739
E14000923,4,8302,Sheffield Heeley,3686.5,93040
E14000920,4,4495,Sheffield South East,2121,94032
E14000924,4,2483,Sherwood,339.1,104184
E14000925,4,5478,Shipley,1025.3,97422
E14000926,4,4032,Shrewsbury and Atcham,182.3,109687
E14000927,4,4187,Sittingbourne and Sheppey,514.8,122682
E14000928,4,2416,Skipton and Ripon,48.3,101035
E14000929,4,1451,Sleaford and North Hykeham,107.6,120777
E14000930,4,14793,Slough,5650.1,152082
E14000931,4,6288,Solihull,3106.6,101642
E14000932,4,3019,Somerton and Frome,117.2,111393
E14000933,4,6850,South Basildon and East Thurrock,783.4,103205
E14000934,4,3144,South Cambridgeshire,197.9,124506
E14000935,4,2123,South Derbyshire,317.1,107205
E14000936,4,6446,South Dorset,252.7,93751
E14000937,4,3706,South East Cambridgeshire,158.4,118917
E14000938,4,2575,South East Cornwall,127.6,91358
E14000939,4,1695,South Holland and The Deepings,140.6,109481
E14000940,4,2185,South Leicestershire,387.9,110357
E14000941,4,2372,South Norfolk,141.8,112195
E14000942,4,3272,South Northamptonshire,207.3,126540
E14000943,4,2851,South Ribble,504.3,99251
E14000944,4,7359,South Shields,3267.5,80397
E14000945,4,2989,South Staffordshire,348.4,95379
E14000946,4,2236,South Suffolk,148.3,96573
E14000947,4,7580,South Swindon,906.5,112191
E14000948,4,7189,South Thanet,777.7,99623
E14000949,4,7369,South West Bedfordshire,908.2,114982
E14000950,4,1939,South West Devon,252.7,93646
E14000951,4,7229,South West Hertfordshire,636.6,110666
E14000952,4,2272,South West Norfolk,84.3,110435
E14000953,4,5952,South West Surrey,422.5,108296
E14000954,4,3714,South West Wiltshire,142,104729
E14000955,4,17564,Southampton Itchen,5408.8,110063
E14000956,4,15491,Southampton Test,5018.6,110532
E14000957,4,6286,Southend West,4677.1,91624
E14000958,4,6931,Southport,1992.9,92981
E14000959,4,9525,Spelthorne,2293.6,102956
E14000960,4,8731,St Albans,1544.3,103822
E14000961,4,4540,St Austell and Newquay,271.6,107727
E14000962,4,2734,St Helens North,1195.2,100168
E14000963,4,4202,St Helens South and Whiston,1644,105438
E14000964,4,3337,St Ives,160.9,85310
E14000965,4,4559,Stafford,341,99247
E14000966,4,1095,Staffordshire Moorlands,149.2,76609
E14000967,4,5246,Stalybridge and Hyde,1539.7,97355
E14000968,4,7886,Stevenage,1576.7,99971
E14000969,4,8035,Stockport,4120,90294
E14000970,4,3353,Stockton North,771.3,93037
E14000971,4,3092,Stockton South,1228.3,103558
E14000972,4,4874,Stoke-on-Trent Central,2912.6,88171
E14000973,4,3279,Stoke-on-Trent North,2358.6,99514
E14000974,4,2425,Stoke-on-Trent South,2762.4,90742
E14000975,4,2038,Stone,139.3,86503
E14000976,4,4446,Stourbridge,3297,90361
E14000977,4,4345,Stratford-on-Avon,145,97226
E14000978,4,21130,Streatham,11347,118513
E14000979,4,7362,Stretford and Urmston,2174.3,101770
E14000980,4,3707,Stroud,280,107897
E14000981,4,3763,Suffolk Coastal,136.8,103009
E14000982,4,5576,Sunderland Central,3357.1,97414
E14000983,4,6345,Surrey Heath,1025.7,110906
E14000984,4,14620,Sutton and Cheam,5719.2,104954
E14000985,4,6547,Sutton Coldfield,1677.5,96685
W07000048,4,3661,Swansea East,1682.6,82018
W07000047,4,6880,Swansea West,2396.1,78415
E14000986,4,4227,Tamworth,545.1,97944
E14000987,4,3843,Tatton,270.1,89251
E14000988,4,6677,Taunton Deane,265,122506
E14000989,4,3757,Telford,2017.1,101914
E14000990,4,4036,Tewkesbury,302.5,111571
E14000991,4,3679,The Cotswolds,83.9,104041
E14000992,4,3121,The Wrekin,295.5,102019
E14000993,4,2368,Thirsk and Malton,47.6,101707
E14000994,4,2459,Thornbury and Yate,248.7,92815
E14000995,4,12588,Thurrock,1932.1,131430
E14000996,4,3388,Tiverton and Honiton,117,105716
E14000997,4,4925,Tonbridge and Malling,358.5,107403
E14000998,4,13819,Tooting,9548.2,107287
E14000999,4,9193,Torbay,2878.3,102934
W07000053,4,3743,Torfaen,705.9,82638
E14001000,4,2766,Torridge and West Devon,60.3,102564
E14001001,4,3528,Totnes,154.7,88069
E14001002,4,19839,Tottenham,10615.9,139636
E14001003,4,4476,Truro and Falmouth,223.8,99499
E14001004,4,7667,Tunbridge Wells,425,105426
E14001005,4,12561,Twickenham,4039.2,117772
E14001006,4,7441,Tynemouth,2654.9,101325
E14001007,4,10713,Uxbridge and South Ruislip,3735.4,112275
W07000060,4,2550,Vale of Clwyd,337.4,73004
W07000078,4,4212,Vale of Glamorgan,325.5,102606
E14001008,4,34671,Vauxhall,14236.9,122104
E14001009,4,6146,Wakefield,1295.5,100851
E14001010,4,4755,Wallasey,3798.1,88442
E14001011,4,6272,Walsall North,3731.3,100422
E14001012,4,6916,Walsall South,3209.4,106050
E14001013,4,16107,Walthamstow,7565.5,122414
E14001014,4,3388,Wansbeck,608.8,83291
E14001015,4,5224,Wantage,224.7,131347
E14001016,4,5586,Warley,5337.4,103328
E14001017,4,4076,Warrington North,1060.6,96962
E14001018,4,5218,Warrington South,1278,114014
E14001019,4,8741,Warwick and Leamington,1175.6,106007
E14001020,4,3649,Washington and Sunderland West,2043,87039
E14001021,4,12830,Watford,3476.7,128550
E14001022,4,3269,Waveney,417.9,103454
E14001023,4,4012,Wealden,191.3,108872
E14001024,4,3205,Weaver Vale,558.9,92866
E14001025,4,4880,Wellingborough,699.9,115817
E14001026,4,4168,Wells,193.4,107530
E14001027,4,9598,Welwyn Hatfield,1000.7,114194
E14001028,4,2886,Wentworth and Dearne,1114.3,100614
E14001029,4,6617,West Bromwich East,3465.1,96426
E14001030,4,7361,West Bromwich West,3687.4,101374
E14001031,4,5591,West Dorset,97.8,101001
E14001032,4,31364,West Ham,10614.9,184082
E14001033,4,3777,West Lancashire,382.8,100437
E14001034,4,4455,West Suffolk,149.4,122259
E14001035,4,3160,West Worcestershire,139.3,98221
E14001036,4,32682,Westminster North,13991.2,111783
E14001037,4,3761,Westmorland and Lonsdale,63.4,84420
E14001038,4,7010,Weston-Super-Mare,779.6,113562
E14001039,4,4220,Wigan,1733.5,104891
E14001040,4,11198,Wimbledon,4778.6,101216
E14001041,4,6187,Winchester,314.8,102271
E14001042,4,8006,Windsor,747.2,109364
E14001043,4,2517,Wirral South,1127.2,72563
E14001044,4,3034,Wirral West,1431.6,68917
E14001045,4,4041,Witham,260.7,96432
E14001046,4,3995,Witney,159.9,114237
E14001047,4,9467,Woking,1127.5,111619
E14001048,4,5798,Wokingham,768.9,120032
E14001049,4,6281,Wolverhampton North East,3741.6,92639
E14001050,4,6289,Wolverhampton South East,3915.8,96939
E14001051,4,6642,Wolverhampton South West,3783.8,87559
E14001052,4,7454,Worcester,3121.3,103872
E14001053,4,1993,Workington,117,78837
E14001054,4,5772,Worsley and Eccles South,1806.2,107753
E14001055,4,11409,Worthing West,3350.7,102046
W07000044,4,3820,Wrexham,696.2,71829
E14001056,4,9529,Wycombe,822.1,115024
E14001057,4,2646,Wyre and Preston North,364.3,96994
E14001058,4,4455,Wyre Forest,520,101607
E14001059,4,10015,Wythenshawe and Sale East,3053.3,111581
E14001060,4,4875,Yeovil,283.8,113829
W07000041,4,1423,Ynys Mon,96.7,68878
E14001061,4,9487,York Central,4458.6,104691
E14001062,4,2313,York Outer,395,98130