region,Region GSS code,Period,Sales volume,Reporting period,percentage Change ,date
London,E12000007,2000-01,11333,monthly,23.38,01/01/2000
North East,E12000001,2000-01,2564,monthly,4.7,01/01/2000
South East,E12000008,2000-01,12412,monthly,19.48,01/01/2000
South West,E12000009,2000-01,7885,monthly,17.18,01/01/2000
West Midlands Region,E12000005,2000-01,6080,monthly,9.54,01/01/2000
London,E12000007,2000-02,11414,monthly,26.06,01/02/2000
North East,E12000001,2000-02,2752,monthly,8.62,01/02/2000
South East,E12000008,2000-02,13316,monthly,19.76,01/02/2000
South West,E12000009,2000-02,8333,monthly,19.05,01/02/2000
West Midlands Region,E12000005,2000-02,6650,monthly,11.21,01/02/2000
London,E12000007,2000-03,14645,monthly,25.04,01/03/2000
North East,E12000001,2000-03,4035,monthly,6.97,01/03/2000
South East,E12000008,2000-03,17221,monthly,22.43,01/03/2000
South West,E12000009,2000-03,10929,monthly,18.74,01/03/2000
West Midlands Region,E12000005,2000-03,8887,monthly,10.83,01/03/2000
London,E12000007,2000-04,12667,monthly,28.32,01/04/2000
North East,E12000001,2000-04,3866,monthly,7.43,01/04/2000
South East,E12000008,2000-04,16217,monthly,24.73,01/04/2000
South West,E12000009,2000-04,10292,monthly,21.5,01/04/2000
West Midlands Region,E12000005,2000-04,8051,monthly,12.72,01/04/2000
London,E12000007,2000-05,13099,monthly,26.66,01/05/2000
North East,E12000001,2000-05,4015,monthly,7.81,01/05/2000
South East,E12000008,2000-05,16699,monthly,24.56,01/05/2000
South West,E12000009,2000-05,10693,monthly,21.54,01/05/2000
West Midlands Region,E12000005,2000-05,8506,monthly,12.33,01/05/2000
London,E12000007,2000-06,14270,monthly,26.67,01/06/2000
North East,E12000001,2000-06,4684,monthly,2.79,01/06/2000
South East,E12000008,2000-06,18898,monthly,25.03,01/06/2000
South West,E12000009,2000-06,11833,monthly,21.42,01/06/2000
West Midlands Region,E12000005,2000-06,10020,monthly,11.92,01/06/2000
London,E12000007,2000-07,13278,monthly,24.95,01/07/2000
North East,E12000001,2000-07,4091,monthly,5.58,01/07/2000
South East,E12000008,2000-07,17194,monthly,23.86,01/07/2000
South West,E12000009,2000-07,10707,monthly,21.66,01/07/2000
West Midlands Region,E12000005,2000-07,9127,monthly,11.77,01/07/2000
London,E12000007,2000-08,12690,monthly,23.4,01/08/2000
North East,E12000001,2000-08,4113,monthly,6.26,01/08/2000
South East,E12000008,2000-08,16616,monthly,23,01/08/2000
South West,E12000009,2000-08,10564,monthly,21.56,01/08/2000
West Midlands Region,E12000005,2000-08,9019,monthly,11.74,01/08/2000
London,E12000007,2000-09,11521,monthly,20.15,01/09/2000
North East,E12000001,2000-09,4199,monthly,3.55,01/09/2000
South East,E12000008,2000-09,14783,monthly,19.19,01/09/2000
South West,E12000009,2000-09,9677,monthly,18.62,01/09/2000
West Midlands Region,E12000005,2000-09,8790,monthly,11.53,01/09/2000
London,E12000007,2000-10,11068,monthly,18.39,01/10/2000
North East,E12000001,2000-10,4027,monthly,1.08,01/10/2000
South East,E12000008,2000-10,14105,monthly,18.37,01/10/2000
South West,E12000009,2000-10,9387,monthly,17.27,01/10/2000
West Midlands Region,E12000005,2000-10,7744,monthly,9.87,01/10/2000
London,E12000007,2000-11,11301,monthly,17.39,01/11/2000
North East,E12000001,2000-11,3769,monthly,0.68,01/11/2000
South East,E12000008,2000-11,14326,monthly,16.3,01/11/2000
South West,E12000009,2000-11,9289,monthly,15.9,01/11/2000
West Midlands Region,E12000005,2000-11,7871,monthly,11.33,01/11/2000
London,E12000007,2000-12,11983,monthly,15.3,01/12/2000
North East,E12000001,2000-12,4389,monthly,4.27,01/12/2000
South East,E12000008,2000-12,15570,monthly,15.13,01/12/2000
South West,E12000009,2000-12,10321,monthly,13.31,01/12/2000
West Midlands Region,E12000005,2000-12,8656,monthly,11.4,01/12/2000
London,E12000007,2001-01,10315,monthly,14.67,01/01/2001
North East,E12000001,2001-01,2668,monthly,4.69,01/01/2001
South East,E12000008,2001-01,11592,monthly,13.71,01/01/2001
South West,E12000009,2001-01,7178,monthly,13.17,01/01/2001
West Midlands Region,E12000005,2001-01,5867,monthly,11.33,01/01/2001
London,E12000007,2001-02,9963,monthly,12.86,01/02/2001
North East,E12000001,2001-02,2821,monthly,2.7,01/02/2001
South East,E12000008,2001-02,11954,monthly,13.82,01/02/2001
South West,E12000009,2001-02,7604,monthly,12.26,01/02/2001
West Midlands Region,E12000005,2001-02,6124,monthly,11.3,01/02/2001
London,E12000007,2001-03,12882,monthly,12.4,01/03/2001
North East,E12000001,2001-03,4154,monthly,1.87,01/03/2001
South East,E12000008,2001-03,15488,monthly,12.07,01/03/2001
South West,E12000009,2001-03,10693,monthly,12.42,01/03/2001
West Midlands Region,E12000005,2001-03,8282,monthly,12.44,01/03/2001
London,E12000007,2001-04,12330,monthly,8.67,01/04/2001
North East,E12000001,2001-04,4007,monthly,4.59,01/04/2001
South East,E12000008,2001-04,16149,monthly,10.55,01/04/2001
South West,E12000009,2001-04,10669,monthly,12.53,01/04/2001
West Midlands Region,E12000005,2001-04,7752,monthly,11.64,01/04/2001
London,E12000007,2001-05,13965,monthly,11.57,01/05/2001
North East,E12000001,2001-05,4362,monthly,5.29,01/05/2001
South East,E12000008,2001-05,18174,monthly,10.6,01/05/2001
South West,E12000009,2001-05,11489,monthly,11.76,01/05/2001
West Midlands Region,E12000005,2001-05,9202,monthly,12.19,01/05/2001
London,E12000007,2001-06,15564,monthly,10.6,01/06/2001
North East,E12000001,2001-06,5178,monthly,6.66,01/06/2001
South East,E12000008,2001-06,20497,monthly,10.42,01/06/2001
South West,E12000009,2001-06,13232,monthly,11.58,01/06/2001
West Midlands Region,E12000005,2001-06,10469,monthly,11.52,01/06/2001
London,E12000007,2001-07,16048,monthly,10.19,01/07/2001
North East,E12000001,2001-07,4856,monthly,5.83,01/07/2001
South East,E12000008,2001-07,20908,monthly,11.28,01/07/2001
South West,E12000009,2001-07,13071,monthly,12.39,01/07/2001
West Midlands Region,E12000005,2001-07,10007,monthly,10.95,01/07/2001
London,E12000007,2001-08,17306,monthly,11.78,01/08/2001
North East,E12000001,2001-08,5348,monthly,9.32,01/08/2001
South East,E12000008,2001-08,22886,monthly,10.95,01/08/2001
South West,E12000009,2001-08,14055,monthly,13.23,01/08/2001
West Midlands Region,E12000005,2001-08,11534,monthly,12.62,01/08/2001
London,E12000007,2001-09,13820,monthly,11.88,01/09/2001
North East,E12000001,2001-09,4363,monthly,8.67,01/09/2001
South East,E12000008,2001-09,17634,monthly,12.29,01/09/2001
South West,E12000009,2001-09,11036,monthly,14,01/09/2001
West Midlands Region,E12000005,2001-09,8874,monthly,12.78,01/09/2001
London,E12000007,2001-10,14320,monthly,14.12,01/10/2001
North East,E12000001,2001-10,4786,monthly,9.49,01/10/2001
South East,E12000008,2001-10,18710,monthly,13.24,01/10/2001
South West,E12000009,2001-10,11531,monthly,15.28,01/10/2001
West Midlands Region,E12000005,2001-10,9858,monthly,13.32,01/10/2001
London,E12000007,2001-11,14294,monthly,13.24,01/11/2001
North East,E12000001,2001-11,5406,monthly,11.72,01/11/2001
South East,E12000008,2001-11,18551,monthly,14.72,01/11/2001
South West,E12000009,2001-11,11654,monthly,15.8,01/11/2001
West Midlands Region,E12000005,2001-11,10494,monthly,13.09,01/11/2001
London,E12000007,2001-12,11937,monthly,13.7,01/12/2001
North East,E12000001,2001-12,4533,monthly,10.95,01/12/2001
South East,E12000008,2001-12,16197,monthly,14.7,01/12/2001
South West,E12000009,2001-12,10076,monthly,16.94,01/12/2001
West Midlands Region,E12000005,2001-12,8973,monthly,13.4,01/12/2001
London,E12000007,2002-01,10337,monthly,13.57,01/01/2002
North East,E12000001,2002-01,3238,monthly,9.85,01/01/2002
South East,E12000008,2002-01,12444,monthly,15.58,01/01/2002
South West,E12000009,2002-01,7798,monthly,18.31,01/01/2002
West Midlands Region,E12000005,2002-01,6658,monthly,13.49,01/01/2002
London,E12000007,2002-02,10786,monthly,13.84,01/02/2002
North East,E12000001,2002-02,3451,monthly,12.11,01/02/2002
South East,E12000008,2002-02,13195,monthly,14.77,01/02/2002
South West,E12000009,2002-02,8528,monthly,18.25,01/02/2002
West Midlands Region,E12000005,2002-02,7379,monthly,13.3,01/02/2002
London,E12000007,2002-03,13747,monthly,14.45,01/03/2002
North East,E12000001,2002-03,4895,monthly,13.96,01/03/2002
South East,E12000008,2002-03,17178,monthly,15.45,01/03/2002
South West,E12000009,2002-03,11366,monthly,19.67,01/03/2002
West Midlands Region,E12000005,2002-03,9880,monthly,14.76,01/03/2002
London,E12000007,2002-04,14025,monthly,16.58,01/04/2002
North East,E12000001,2002-04,4531,monthly,12.45,01/04/2002
South East,E12000008,2002-04,17711,monthly,14.63,01/04/2002
South West,E12000009,2002-04,11365,monthly,17.87,01/04/2002
West Midlands Region,E12000005,2002-04,9200,monthly,14.82,01/04/2002
London,E12000007,2002-05,17735,monthly,16.32,01/05/2002
North East,E12000001,2002-05,6280,monthly,14.8,01/05/2002
South East,E12000008,2002-05,23418,monthly,16.73,01/05/2002
South West,E12000009,2002-05,14506,monthly,20.51,01/05/2002
West Midlands Region,E12000005,2002-05,12502,monthly,16.62,01/05/2002
London,E12000007,2002-06,14368,monthly,17.18,01/06/2002
North East,E12000001,2002-06,4696,monthly,16.63,01/06/2002
South East,E12000008,2002-06,18724,monthly,16.78,01/06/2002
South West,E12000009,2002-06,11439,monthly,22.76,01/06/2002
West Midlands Region,E12000005,2002-06,9611,monthly,19.29,01/06/2002
London,E12000007,2002-07,18061,monthly,18.64,01/07/2002
North East,E12000001,2002-07,5572,monthly,18.65,01/07/2002
South East,E12000008,2002-07,23206,monthly,18.07,01/07/2002
South West,E12000009,2002-07,13959,monthly,23.25,01/07/2002
West Midlands Region,E12000005,2002-07,11814,monthly,20.89,01/07/2002
London,E12000007,2002-08,17567,monthly,18.65,01/08/2002
North East,E12000001,2002-08,5792,monthly,17.32,01/08/2002
South East,E12000008,2002-08,23217,monthly,19.68,01/08/2002
South West,E12000009,2002-08,13671,monthly,24.34,01/08/2002
West Midlands Region,E12000005,2002-08,11753,monthly,20.96,01/08/2002
London,E12000007,2002-09,15091,monthly,19.55,01/09/2002
North East,E12000001,2002-09,4805,monthly,19.98,01/09/2002
South East,E12000008,2002-09,18618,monthly,20.46,01/09/2002
South West,E12000009,2002-09,10765,monthly,25.16,01/09/2002
West Midlands Region,E12000005,2002-09,9688,monthly,23.06,01/09/2002
London,E12000007,2002-10,14509,monthly,19.8,01/10/2002
North East,E12000001,2002-10,5024,monthly,21.86,01/10/2002
South East,E12000008,2002-10,18736,monthly,21.08,01/10/2002
South West,E12000009,2002-10,11469,monthly,26.58,01/10/2002
West Midlands Region,E12000005,2002-10,10090,monthly,25.43,01/10/2002
London,E12000007,2002-11,14324,monthly,21.12,01/11/2002
North East,E12000001,2002-11,5654,monthly,25.06,01/11/2002
South East,E12000008,2002-11,18555,monthly,21.95,01/11/2002
South West,E12000009,2002-11,11644,monthly,28.16,01/11/2002
West Midlands Region,E12000005,2002-11,10638,monthly,26.22,01/11/2002
London,E12000007,2002-12,13443,monthly,21.32,01/12/2002
North East,E12000001,2002-12,4946,monthly,24.36,01/12/2002
South East,E12000008,2002-12,17777,monthly,22.33,01/12/2002
South West,E12000009,2002-12,10747,monthly,29.14,01/12/2002
West Midlands Region,E12000005,2002-12,9745,monthly,27.2,01/12/2002
London,E12000007,2003-01,11365,monthly,21.97,01/01/2003
North East,E12000001,2003-01,3888,monthly,23.33,01/01/2003
South East,E12000008,2003-01,13737,monthly,23.24,01/01/2003
South West,E12000009,2003-01,8507,monthly,29.82,01/01/2003
West Midlands Region,E12000005,2003-01,7434,monthly,29.53,01/01/2003
London,E12000007,2003-02,10320,monthly,21.09,01/02/2003
North East,E12000001,2003-02,3762,monthly,24.39,01/02/2003
South East,E12000008,2003-02,12777,monthly,23.63,01/02/2003
South West,E12000009,2003-02,7695,monthly,28.28,01/02/2003
West Midlands Region,E12000005,2003-02,7275,monthly,28.72,01/02/2003
London,E12000007,2003-03,10600,monthly,19,01/03/2003
North East,E12000001,2003-03,4296,monthly,27.28,01/03/2003
South East,E12000008,2003-03,12762,monthly,22.55,01/03/2003
South West,E12000009,2003-03,7973,monthly,26.79,01/03/2003
West Midlands Region,E12000005,2003-03,7602,monthly,28.61,01/03/2003
London,E12000007,2003-04,10380,monthly,16.69,01/04/2003
North East,E12000001,2003-04,4386,monthly,29.92,01/04/2003
South East,E12000008,2003-04,13692,monthly,21.42,01/04/2003
South West,E12000009,2003-04,8786,monthly,26.06,01/04/2003
West Midlands Region,E12000005,2003-04,7781,monthly,27.3,01/04/2003
London,E12000007,2003-05,11169,monthly,15.2,01/05/2003
North East,E12000001,2003-05,5214,monthly,28.02,01/05/2003
South East,E12000008,2003-05,14970,monthly,19.04,01/05/2003
South West,E12000009,2003-05,9136,monthly,23.89,01/05/2003
West Midlands Region,E12000005,2003-05,8829,monthly,26.4,01/05/2003
London,E12000007,2003-06,11990,monthly,12.31,01/06/2003
North East,E12000001,2003-06,5226,monthly,29.25,01/06/2003
South East,E12000008,2003-06,15071,monthly,17.7,01/06/2003
South West,E12000009,2003-06,9537,monthly,21.63,01/06/2003
West Midlands Region,E12000005,2003-06,9142,monthly,23.32,01/06/2003
London,E12000007,2003-07,13468,monthly,11.85,01/07/2003
North East,E12000001,2003-07,5504,monthly,30.83,01/07/2003
South East,E12000008,2003-07,17457,monthly,15.7,01/07/2003
South West,E12000009,2003-07,10928,monthly,19.63,01/07/2003
West Midlands Region,E12000005,2003-07,9720,monthly,23.56,01/07/2003
London,E12000007,2003-08,14417,monthly,8.89,01/08/2003
North East,E12000001,2003-08,5600,monthly,29.78,01/08/2003
South East,E12000008,2003-08,18329,monthly,12.72,01/08/2003
South West,E12000009,2003-08,11956,monthly,16.83,01/08/2003
West Midlands Region,E12000005,2003-08,10411,monthly,23.49,01/08/2003
London,E12000007,2003-09,14741,monthly,8.05,01/09/2003
North East,E12000001,2003-09,5293,monthly,31.45,01/09/2003
South East,E12000008,2003-09,18160,monthly,10.35,01/09/2003
South West,E12000009,2003-09,11524,monthly,15.59,01/09/2003
West Midlands Region,E12000005,2003-09,9881,monthly,20.71,01/09/2003
London,E12000007,2003-10,15741,monthly,7.79,01/10/2003
North East,E12000001,2003-10,6148,monthly,32.28,01/10/2003
South East,E12000008,2003-10,20081,monthly,10.41,01/10/2003
South West,E12000009,2003-10,13231,monthly,14.38,01/10/2003
West Midlands Region,E12000005,2003-10,11359,monthly,20.45,01/10/2003
London,E12000007,2003-11,14754,monthly,6.43,01/11/2003
North East,E12000001,2003-11,5677,monthly,29.5,01/11/2003
South East,E12000008,2003-11,19055,monthly,9.25,01/11/2003
South West,E12000009,2003-11,12065,monthly,12.3,01/11/2003
West Midlands Region,E12000005,2003-11,10563,monthly,19.88,01/11/2003
London,E12000007,2003-12,14839,monthly,6.65,01/12/2003
North East,E12000001,2003-12,5747,monthly,28.87,01/12/2003
South East,E12000008,2003-12,20275,monthly,8.24,01/12/2003
South West,E12000009,2003-12,12271,monthly,13.01,01/12/2003
West Midlands Region,E12000005,2003-12,10875,monthly,20.09,01/12/2003
London,E12000007,2004-01,12767,monthly,5.64,01/01/2004
North East,E12000001,2004-01,3865,monthly,34.77,01/01/2004
South East,E12000008,2004-01,15524,monthly,7.76,01/01/2004
South West,E12000009,2004-01,9397,monthly,12.05,01/01/2004
West Midlands Region,E12000005,2004-01,7782,monthly,17.6,01/01/2004
London,E12000007,2004-02,12160,monthly,6.46,01/02/2004
North East,E12000001,2004-02,4006,monthly,29.42,01/02/2004
South East,E12000008,2004-02,14951,monthly,8.25,01/02/2004
South West,E12000009,2004-02,9053,monthly,12.46,01/02/2004
West Midlands Region,E12000005,2004-02,8319,monthly,19.13,01/02/2004
London,E12000007,2004-03,14409,monthly,7.66,01/03/2004
North East,E12000001,2004-03,4888,monthly,29.33,01/03/2004
South East,E12000008,2004-03,16856,monthly,8,01/03/2004
South West,E12000009,2004-03,10237,monthly,12.44,01/03/2004
West Midlands Region,E12000005,2004-03,9281,monthly,17.41,01/03/2004
London,E12000007,2004-04,14873,monthly,8.61,01/04/2004
North East,E12000001,2004-04,5809,monthly,31.65,01/04/2004
South East,E12000008,2004-04,19484,monthly,8.34,01/04/2004
South West,E12000009,2004-04,12318,monthly,13.76,01/04/2004
West Midlands Region,E12000005,2004-04,10496,monthly,19.02,01/04/2004
London,E12000007,2004-05,13613,monthly,7.95,01/05/2004
North East,E12000001,2004-05,5267,monthly,32.63,01/05/2004
South East,E12000008,2004-05,18081,monthly,9.25,01/05/2004
South West,E12000009,2004-05,11178,monthly,14.48,01/05/2004
West Midlands Region,E12000005,2004-05,9982,monthly,18.62,01/05/2004
London,E12000007,2004-06,16163,monthly,10.15,01/06/2004
North East,E12000001,2004-06,6201,monthly,35.09,01/06/2004
South East,E12000008,2004-06,20246,monthly,9.53,01/06/2004
South West,E12000009,2004-06,12566,monthly,15.69,01/06/2004
West Midlands Region,E12000005,2004-06,10830,monthly,21.78,01/06/2004
London,E12000007,2004-07,17612,monthly,9.39,01/07/2004
North East,E12000001,2004-07,6208,monthly,32.93,01/07/2004
South East,E12000008,2004-07,21788,monthly,9.86,01/07/2004
South West,E12000009,2004-07,13212,monthly,16.08,01/07/2004
West Midlands Region,E12000005,2004-07,12045,monthly,21.58,01/07/2004
London,E12000007,2004-08,15020,monthly,10.41,01/08/2004
North East,E12000001,2004-08,5153,monthly,32.36,01/08/2004
South East,E12000008,2004-08,19631,monthly,11.54,01/08/2004
South West,E12000009,2004-08,11273,monthly,16.21,01/08/2004
West Midlands Region,E12000005,2004-08,10316,monthly,20.01,01/08/2004
London,E12000007,2004-09,13500,monthly,9.97,01/09/2004
North East,E12000001,2004-09,4582,monthly,30.41,01/09/2004
South East,E12000008,2004-09,16683,monthly,12.11,01/09/2004
South West,E12000009,2004-09,9610,monthly,16.82,01/09/2004
West Midlands Region,E12000005,2004-09,8760,monthly,20.74,01/09/2004
London,E12000007,2004-10,12031,monthly,8.24,01/10/2004
North East,E12000001,2004-10,4650,monthly,28.42,01/10/2004
South East,E12000008,2004-10,15377,monthly,10.25,01/10/2004
South West,E12000009,2004-10,9273,monthly,15.2,01/10/2004
West Midlands Region,E12000005,2004-10,8606,monthly,19.69,01/10/2004
London,E12000007,2004-11,10790,monthly,8.89,01/11/2004
North East,E12000001,2004-11,3883,monthly,23.52,01/11/2004
South East,E12000008,2004-11,13754,monthly,10.68,01/11/2004
South West,E12000009,2004-11,8007,monthly,16.13,01/11/2004
West Midlands Region,E12000005,2004-11,7595,monthly,17.91,01/11/2004
London,E12000007,2004-12,10859,monthly,6.09,01/12/2004
North East,E12000001,2004-12,4199,monthly,26.75,01/12/2004
South East,E12000008,2004-12,13851,monthly,9.46,01/12/2004
South West,E12000009,2004-12,7834,monthly,13.07,01/12/2004
West Midlands Region,E12000005,2004-12,7816,monthly,15.64,01/12/2004
London,E12000007,2005-01,8020,monthly,6.2,01/01/2005
North East,E12000001,2005-01,2559,monthly,22.51,01/01/2005
South East,E12000008,2005-01,9243,monthly,7.4,01/01/2005
South West,E12000009,2005-01,5481,monthly,10.94,01/01/2005
West Midlands Region,E12000005,2005-01,4909,monthly,13.98,01/01/2005
London,E12000007,2005-02,7829,monthly,5.24,01/02/2005
North East,E12000001,2005-02,2752,monthly,24.78,01/02/2005
South East,E12000008,2005-02,9441,monthly,7.31,01/02/2005
South West,E12000009,2005-02,5814,monthly,11.29,01/02/2005
West Midlands Region,E12000005,2005-02,5427,monthly,14.13,01/02/2005
London,E12000007,2005-03,9361,monthly,4.49,01/03/2005
North East,E12000001,2005-03,3359,monthly,21.04,01/03/2005
South East,E12000008,2005-03,11332,monthly,6.47,01/03/2005
South West,E12000009,2005-03,6952,monthly,9.2,01/03/2005
West Midlands Region,E12000005,2005-03,6491,monthly,12.68,01/03/2005
London,E12000007,2005-04,10290,monthly,4.21,01/04/2005
North East,E12000001,2005-04,4117,monthly,16.15,01/04/2005
South East,E12000008,2005-04,13136,monthly,6.1,01/04/2005
South West,E12000009,2005-04,8445,monthly,7.14,01/04/2005
West Midlands Region,E12000005,2005-04,7712,monthly,10.6,01/04/2005
London,E12000007,2005-05,10649,monthly,3.68,01/05/2005
North East,E12000001,2005-05,4157,monthly,14.53,01/05/2005
South East,E12000008,2005-05,13834,monthly,4.72,01/05/2005
South West,E12000009,2005-05,8434,monthly,5.7,01/05/2005
West Midlands Region,E12000005,2005-05,7633,monthly,9.25,01/05/2005
London,E12000007,2005-06,12308,monthly,2.5,01/06/2005
North East,E12000001,2005-06,4474,monthly,11.44,01/06/2005
South East,E12000008,2005-06,16154,monthly,3.63,01/06/2005
South West,E12000009,2005-06,9725,monthly,3.61,01/06/2005
West Midlands Region,E12000005,2005-06,8951,monthly,7.37,01/06/2005
London,E12000007,2005-07,13536,monthly,1.71,01/07/2005
North East,E12000001,2005-07,4806,monthly,10.2,01/07/2005
South East,E12000008,2005-07,16990,monthly,2.88,01/07/2005
South West,E12000009,2005-07,10590,monthly,3.15,01/07/2005
West Midlands Region,E12000005,2005-07,9091,monthly,6.33,01/07/2005
London,E12000007,2005-08,13208,monthly,1.34,01/08/2005
North East,E12000001,2005-08,4378,monthly,10.18,01/08/2005
South East,E12000008,2005-08,16820,monthly,1.36,01/08/2005
South West,E12000009,2005-08,10557,monthly,2.27,01/08/2005
West Midlands Region,E12000005,2005-08,8833,monthly,5.35,01/08/2005
London,E12000007,2005-09,13541,monthly,1.19,01/09/2005
North East,E12000001,2005-09,4623,monthly,9.74,01/09/2005
South East,E12000008,2005-09,16735,monthly,1.74,01/09/2005
South West,E12000009,2005-09,10149,monthly,1.3,01/09/2005
West Midlands Region,E12000005,2005-09,8943,monthly,4.66,01/09/2005
London,E12000007,2005-10,12382,monthly,0.87,01/10/2005
North East,E12000001,2005-10,4311,monthly,8.41,01/10/2005
South East,E12000008,2005-10,15508,monthly,0.89,01/10/2005
South West,E12000009,2005-10,9555,monthly,1.57,01/10/2005
West Midlands Region,E12000005,2005-10,8230,monthly,3.76,01/10/2005
London,E12000007,2005-11,12568,monthly,0.79,01/11/2005
North East,E12000001,2005-11,4400,monthly,12.48,01/11/2005
South East,E12000008,2005-11,16303,monthly,0.54,01/11/2005
South West,E12000009,2005-11,10095,monthly,0.89,01/11/2005
West Midlands Region,E12000005,2005-11,8712,monthly,4.26,01/11/2005
London,E12000007,2005-12,13144,monthly,3.56,01/12/2005
North East,E12000001,2005-12,5168,monthly,8.44,01/12/2005
South East,E12000008,2005-12,18119,monthly,1.51,01/12/2005
South West,E12000009,2005-12,11133,monthly,2.39,01/12/2005
West Midlands Region,E12000005,2005-12,9778,monthly,4.36,01/12/2005
London,E12000007,2006-01,10862,monthly,3.19,01/01/2006
North East,E12000001,2006-01,3300,monthly,10.37,01/01/2006
South East,E12000008,2006-01,13048,monthly,2.88,01/01/2006
South West,E12000009,2006-01,7861,monthly,3.02,01/01/2006
West Midlands Region,E12000005,2006-01,6843,monthly,5.39,01/01/2006
London,E12000007,2006-02,10885,monthly,3.37,01/02/2006
North East,E12000001,2006-02,3597,monthly,9.66,01/02/2006
South East,E12000008,2006-02,13361,monthly,2.75,01/02/2006
South West,E12000009,2006-02,7992,monthly,2.46,01/02/2006
West Midlands Region,E12000005,2006-02,7057,monthly,5.08,01/02/2006
London,E12000007,2006-03,13982,monthly,4.37,01/03/2006
North East,E12000001,2006-03,5123,monthly,9.94,01/03/2006
South East,E12000008,2006-03,17079,monthly,3.17,01/03/2006
South West,E12000009,2006-03,10625,monthly,4.14,01/03/2006
West Midlands Region,E12000005,2006-03,9468,monthly,4.98,01/03/2006
London,E12000007,2006-04,11953,monthly,4.29,01/04/2006
North East,E12000001,2006-04,4571,monthly,9.2,01/04/2006
South East,E12000008,2006-04,15992,monthly,3.68,01/04/2006
South West,E12000009,2006-04,10445,monthly,4.57,01/04/2006
West Midlands Region,E12000005,2006-04,8468,monthly,5.04,01/04/2006
London,E12000007,2006-05,13349,monthly,5.05,01/05/2006
North East,E12000001,2006-05,4795,monthly,8.34,01/05/2006
South East,E12000008,2006-05,17990,monthly,4.83,01/05/2006
South West,E12000009,2006-05,11193,monthly,5.12,01/05/2006
West Midlands Region,E12000005,2006-05,9476,monthly,6.95,01/05/2006
London,E12000007,2006-06,16075,monthly,6.58,01/06/2006
North East,E12000001,2006-06,5746,monthly,8.83,01/06/2006
South East,E12000008,2006-06,21344,monthly,5.19,01/06/2006
South West,E12000009,2006-06,13200,monthly,6.06,01/06/2006
West Midlands Region,E12000005,2006-06,11271,monthly,4.98,01/06/2006
London,E12000007,2006-07,16182,monthly,6.73,01/07/2006
North East,E12000001,2006-07,5313,monthly,7.39,01/07/2006
South East,E12000008,2006-07,20373,monthly,5.68,01/07/2006
South West,E12000009,2006-07,12863,monthly,5.69,01/07/2006
West Midlands Region,E12000005,2006-07,9937,monthly,4,01/07/2006
London,E12000007,2006-08,16833,monthly,7.87,01/08/2006
North East,E12000001,2006-08,5071,monthly,5.6,01/08/2006
South East,E12000008,2006-08,22478,monthly,6,01/08/2006
South West,E12000009,2006-08,13841,monthly,7.31,01/08/2006
West Midlands Region,E12000005,2006-08,10642,monthly,4.98,01/08/2006
London,E12000007,2006-09,15674,monthly,8.71,01/09/2006
North East,E12000001,2006-09,5510,monthly,8.55,01/09/2006
South East,E12000008,2006-09,20639,monthly,6.8,01/09/2006
South West,E12000009,2006-09,12492,monthly,7.21,01/09/2006
West Midlands Region,E12000005,2006-09,10435,monthly,6.08,01/09/2006
London,E12000007,2006-10,15193,monthly,10.59,01/10/2006
North East,E12000001,2006-10,5216,monthly,8.34,01/10/2006
South East,E12000008,2006-10,19698,monthly,7.68,01/10/2006
South West,E12000009,2006-10,12448,monthly,8.3,01/10/2006
West Midlands Region,E12000005,2006-10,10289,monthly,6.04,01/10/2006
London,E12000007,2006-11,15230,monthly,9.41,01/11/2006
North East,E12000001,2006-11,5343,monthly,6.11,01/11/2006
South East,E12000008,2006-11,19570,monthly,7.94,01/11/2006
South West,E12000009,2006-11,12760,monthly,9.17,01/11/2006
West Midlands Region,E12000005,2006-11,10511,monthly,5.99,01/11/2006
London,E12000007,2006-12,15232,monthly,10.96,01/12/2006
North East,E12000001,2006-12,6047,monthly,8.89,01/12/2006
South East,E12000008,2006-12,20999,monthly,9.27,01/12/2006
South West,E12000009,2006-12,13258,monthly,9.23,01/12/2006
West Midlands Region,E12000005,2006-12,11472,monthly,6.3,01/12/2006
London,E12000007,2007-01,12794,monthly,11.6,01/01/2007
North East,E12000001,2007-01,3904,monthly,7.7,01/01/2007
South East,E12000008,2007-01,15462,monthly,9.59,01/01/2007
South West,E12000009,2007-01,9198,monthly,9.08,01/01/2007
West Midlands Region,E12000005,2007-01,7705,monthly,6.65,01/01/2007
London,E12000007,2007-02,12194,monthly,13.24,01/02/2007
North East,E12000001,2007-02,4014,monthly,8.3,01/02/2007
South East,E12000008,2007-02,14947,monthly,8.92,01/02/2007
South West,E12000009,2007-02,8926,monthly,10.32,01/02/2007
West Midlands Region,E12000005,2007-02,7614,monthly,6.08,01/02/2007
London,E12000007,2007-03,14546,monthly,13.3,01/03/2007
North East,E12000001,2007-03,5267,monthly,6.73,01/03/2007
South East,E12000008,2007-03,17562,monthly,9.3,01/03/2007
South West,E12000009,2007-03,10691,monthly,9.89,01/03/2007
West Midlands Region,E12000005,2007-03,9816,monthly,6.48,01/03/2007
London,E12000007,2007-04,12568,monthly,13.58,01/04/2007
North East,E12000001,2007-04,4734,monthly,7,01/04/2007
South East,E12000008,2007-04,15898,monthly,9.87,01/04/2007
South West,E12000009,2007-04,10207,monthly,9.44,01/04/2007
West Midlands Region,E12000005,2007-04,8414,monthly,7.57,01/04/2007
London,E12000007,2007-05,14059,monthly,14.19,01/05/2007
North East,E12000001,2007-05,5560,monthly,7,01/05/2007
South East,E12000008,2007-05,18656,monthly,10.36,01/05/2007
South West,E12000009,2007-05,11573,monthly,10.05,01/05/2007
West Midlands Region,E12000005,2007-05,9436,monthly,5.2,01/05/2007
London,E12000007,2007-06,15799,monthly,13.74,01/06/2007
North East,E12000001,2007-06,6406,monthly,6.64,01/06/2007
South East,E12000008,2007-06,21237,monthly,10.56,01/06/2007
South West,E12000009,2007-06,12697,monthly,9.52,01/06/2007
West Midlands Region,E12000005,2007-06,11228,monthly,5.95,01/06/2007
London,E12000007,2007-07,16037,monthly,16.47,01/07/2007
North East,E12000001,2007-07,5765,monthly,7,01/07/2007
South East,E12000008,2007-07,20581,monthly,11.37,01/07/2007
South West,E12000009,2007-07,12180,monthly,9.84,01/07/2007
West Midlands Region,E12000005,2007-07,10099,monthly,6.75,01/07/2007
London,E12000007,2007-08,16824,monthly,15.95,01/08/2007
North East,E12000001,2007-08,5930,monthly,6.6,01/08/2007
South East,E12000008,2007-08,22453,monthly,10.79,01/08/2007
South West,E12000009,2007-08,13440,monthly,9.23,01/08/2007
West Midlands Region,E12000005,2007-08,10693,monthly,6.34,01/08/2007
London,E12000007,2007-09,13748,monthly,15.87,01/09/2007
North East,E12000001,2007-09,4766,monthly,5.07,01/09/2007
South East,E12000008,2007-09,17077,monthly,10.91,01/09/2007
South West,E12000009,2007-09,10286,monthly,9.69,01/09/2007
West Midlands Region,E12000005,2007-09,8677,monthly,5.33,01/09/2007
London,E12000007,2007-10,13890,monthly,15.22,01/10/2007
North East,E12000001,2007-10,5077,monthly,4.67,01/10/2007
South East,E12000008,2007-10,18164,monthly,11.28,01/10/2007
South West,E12000009,2007-10,10733,monthly,8.03,01/10/2007
West Midlands Region,E12000005,2007-10,9137,monthly,5.68,01/10/2007
London,E12000007,2007-11,13174,monthly,15,01/11/2007
North East,E12000001,2007-11,5193,monthly,6.16,01/11/2007
South East,E12000008,2007-11,17067,monthly,10.24,01/11/2007
South West,E12000009,2007-11,10170,monthly,7.23,01/11/2007
West Midlands Region,E12000005,2007-11,9266,monthly,4.31,01/11/2007
London,E12000007,2007-12,9938,monthly,12.67,01/12/2007
North East,E12000001,2007-12,4126,monthly,3.34,01/12/2007
South East,E12000008,2007-12,13779,monthly,8.07,01/12/2007
South West,E12000009,2007-12,8667,monthly,5.32,01/12/2007
West Midlands Region,E12000005,2007-12,7362,monthly,4.39,01/12/2007
London,E12000007,2008-01,8541,monthly,11.56,01/01/2008
North East,E12000001,2008-01,2800,monthly,2.2,01/01/2008
South East,E12000008,2008-01,9842,monthly,6.69,01/01/2008
South West,E12000009,2008-01,5812,monthly,5.23,01/01/2008
West Midlands Region,E12000005,2008-01,5045,monthly,2.78,01/01/2008
London,E12000007,2008-02,8773,monthly,9.2,01/02/2008
North East,E12000001,2008-02,2919,monthly,2.94,01/02/2008
South East,E12000008,2008-02,10386,monthly,5.43,01/02/2008
South West,E12000009,2008-02,6075,monthly,2.4,01/02/2008
West Midlands Region,E12000005,2008-02,5630,monthly,2.8,01/02/2008
London,E12000007,2008-03,8002,monthly,7.36,01/03/2008
North East,E12000001,2008-03,2952,monthly,1.1,01/03/2008
South East,E12000008,2008-03,9643,monthly,4.93,01/03/2008
South West,E12000009,2008-03,5667,monthly,0.18,01/03/2008
West Midlands Region,E12000005,2008-03,5244,monthly,1.13,01/03/2008
London,E12000007,2008-04,8074,monthly,5.57,01/04/2008
North East,E12000001,2008-04,3098,monthly,0.68,01/04/2008
South East,E12000008,2008-04,10465,monthly,2.36,01/04/2008
South West,E12000009,2008-04,6612,monthly,0.23,01/04/2008
West Midlands Region,E12000005,2008-04,5761,monthly,-1.28,01/04/2008
London,E12000007,2008-05,8075,monthly,4.4,01/05/2008
North East,E12000001,2008-05,3163,monthly,1.06,01/05/2008
South East,E12000008,2008-05,11241,monthly,0.88,01/05/2008
South West,E12000009,2008-05,7034,monthly,-1.19,01/05/2008
West Midlands Region,E12000005,2008-05,5996,monthly,-0.54,01/05/2008
London,E12000007,2008-06,7540,monthly,1.45,01/06/2008
North East,E12000001,2008-06,2827,monthly,-1.59,01/06/2008
South East,E12000008,2008-06,10213,monthly,-1.07,01/06/2008
South West,E12000009,2008-06,6295,monthly,-3.78,01/06/2008
West Midlands Region,E12000005,2008-06,5611,monthly,-1.82,01/06/2008
London,E12000007,2008-07,6935,monthly,-1.84,01/07/2008
North East,E12000001,2008-07,2488,monthly,-5.09,01/07/2008
South East,E12000008,2008-07,9011,monthly,-3.39,01/07/2008
South West,E12000009,2008-07,5618,monthly,-5.72,01/07/2008
West Midlands Region,E12000005,2008-07,4826,monthly,-4.8,01/07/2008
London,E12000007,2008-08,5982,monthly,-5.35,01/08/2008
North East,E12000001,2008-08,2119,monthly,-5.05,01/08/2008
South East,E12000008,2008-08,8965,monthly,-6.56,01/08/2008
South West,E12000009,2008-08,5276,monthly,-8.09,01/08/2008
West Midlands Region,E12000005,2008-08,4395,monthly,-7.23,01/08/2008
London,E12000007,2008-09,5191,monthly,-7.35,01/09/2008
North East,E12000001,2008-09,1954,monthly,-8.23,01/09/2008
South East,E12000008,2008-09,7326,monthly,-9.71,01/09/2008
South West,E12000009,2008-09,4612,monthly,-10.34,01/09/2008
West Midlands Region,E12000005,2008-09,3746,monthly,-8,01/09/2008
London,E12000007,2008-10,5225,monthly,-10.57,01/10/2008
North East,E12000001,2008-10,1999,monthly,-9.78,01/10/2008
South East,E12000008,2008-10,7821,monthly,-12.49,01/10/2008
South West,E12000009,2008-10,5068,monthly,-11.91,01/10/2008
West Midlands Region,E12000005,2008-10,4101,monthly,-10.04,01/10/2008
London,E12000007,2008-11,4078,monthly,-13.1,01/11/2008
North East,E12000001,2008-11,1713,monthly,-10.77,01/11/2008
South East,E12000008,2008-11,6293,monthly,-14.91,01/11/2008
South West,E12000009,2008-11,4088,monthly,-15.08,01/11/2008
West Midlands Region,E12000005,2008-11,3376,monthly,-11.83,01/11/2008
London,E12000007,2008-12,4505,monthly,-14.8,01/12/2008
North East,E12000001,2008-12,1710,monthly,-13.16,01/12/2008
South East,E12000008,2008-12,7110,monthly,-15.5,01/12/2008
South West,E12000009,2008-12,4822,monthly,-16.2,01/12/2008
West Midlands Region,E12000005,2008-12,3472,monthly,-14.13,01/12/2008
London,E12000007,2009-01,3269,monthly,-15.24,01/01/2009
North East,E12000001,2009-01,1138,monthly,-12.34,01/01/2009
South East,E12000008,2009-01,5129,monthly,-17.31,01/01/2009
South West,E12000009,2009-01,3040,monthly,-16.57,01/01/2009
West Midlands Region,E12000005,2009-01,2356,monthly,-13.45,01/01/2009
London,E12000007,2009-02,3251,monthly,-15.51,01/02/2009
North East,E12000001,2009-02,1200,monthly,-13.19,01/02/2009
South East,E12000008,2009-02,4907,monthly,-17.3,01/02/2009
South West,E12000009,2009-02,3286,monthly,-14.96,01/02/2009
West Midlands Region,E12000005,2009-02,2566,monthly,-14.61,01/02/2009
London,E12000007,2009-03,4097,monthly,-15.78,01/03/2009
North East,E12000001,2009-03,1680,monthly,-12.35,01/03/2009
South East,E12000008,2009-03,6482,monthly,-17.78,01/03/2009
South West,E12000009,2009-03,4207,monthly,-15.1,01/03/2009
West Midlands Region,E12000005,2009-03,3224,monthly,-14.63,01/03/2009
London,E12000007,2009-04,4323,monthly,-16.65,01/04/2009
North East,E12000001,2009-04,1708,monthly,-13.01,01/04/2009
South East,E12000008,2009-04,7214,monthly,-16.35,01/04/2009
South West,E12000009,2009-04,4753,monthly,-15.65,01/04/2009
West Midlands Region,E12000005,2009-04,3376,monthly,-14.04,01/04/2009
London,E12000007,2009-05,5011,monthly,-15.3,01/05/2009
North East,E12000001,2009-05,1998,monthly,-12.81,01/05/2009
South East,E12000008,2009-05,8509,monthly,-15.22,01/05/2009
South West,E12000009,2009-05,5754,monthly,-14.38,01/05/2009
West Midlands Region,E12000005,2009-05,3865,monthly,-13.69,01/05/2009
London,E12000007,2009-06,6001,monthly,-12.58,01/06/2009
North East,E12000001,2009-06,2218,monthly,-10.81,01/06/2009
South East,E12000008,2009-06,10151,monthly,-13.04,01/06/2009
South West,E12000009,2009-06,6581,monthly,-10.82,01/06/2009
West Midlands Region,E12000005,2009-06,4470,monthly,-12.63,01/06/2009
London,E12000007,2009-07,7900,monthly,-10.5,01/07/2009
North East,E12000001,2009-07,2277,monthly,-8.58,01/07/2009
South East,E12000008,2009-07,12207,monthly,-11.08,01/07/2009
South West,E12000009,2009-07,7644,monthly,-9.16,01/07/2009
West Midlands Region,E12000005,2009-07,5279,monthly,-7.98,01/07/2009
London,E12000007,2009-08,7548,monthly,-6.97,01/08/2009
North East,E12000001,2009-08,2126,monthly,-6.74,01/08/2009
South East,E12000008,2009-08,11294,monthly,-6.26,01/08/2009
South West,E12000009,2009-08,7145,monthly,-6.4,01/08/2009
West Midlands Region,E12000005,2009-08,4887,monthly,-5.92,01/08/2009
London,E12000007,2009-09,7920,monthly,-3.25,01/09/2009
North East,E12000001,2009-09,2098,monthly,-2.52,01/09/2009
South East,E12000008,2009-09,11320,monthly,-2.67,01/09/2009
South West,E12000009,2009-09,7165,monthly,-3.25,01/09/2009
West Midlands Region,E12000005,2009-09,4779,monthly,-4.51,01/09/2009
London,E12000007,2009-10,8449,monthly,0.67,01/10/2009
North East,E12000001,2009-10,2438,monthly,-1.06,01/10/2009
South East,E12000008,2009-10,12281,monthly,0.71,01/10/2009
South West,E12000009,2009-10,7984,monthly,-0.77,01/10/2009
West Midlands Region,E12000005,2009-10,5648,monthly,-1.24,01/10/2009
London,E12000007,2009-11,7962,monthly,3.17,01/11/2009
North East,E12000001,2009-11,2139,monthly,0.2,01/11/2009
South East,E12000008,2009-11,11681,monthly,4.46,01/11/2009
South West,E12000009,2009-11,7375,monthly,3.45,01/11/2009
West Midlands Region,E12000005,2009-11,5002,monthly,1.01,01/11/2009
London,E12000007,2009-12,9500,monthly,6.4,01/12/2009
North East,E12000001,2009-12,2934,monthly,4.1,01/12/2009
South East,E12000008,2009-12,14941,monthly,5.65,01/12/2009
South West,E12000009,2009-12,9799,monthly,6.58,01/12/2009
West Midlands Region,E12000005,2009-12,6360,monthly,4.55,01/12/2009
London,E12000007,2010-01,6212,monthly,10.52,01/01/2010
North East,E12000001,2010-01,1363,monthly,1.04,01/01/2010
South East,E12000008,2010-01,6601,monthly,12.01,01/01/2010
South West,E12000009,2010-01,3872,monthly,8.6,01/01/2010
West Midlands Region,E12000005,2010-01,2914,monthly,4.59,01/01/2010
London,E12000007,2010-02,6312,monthly,11.57,01/02/2010
North East,E12000001,2010-02,1632,monthly,4.06,01/02/2010
South East,E12000008,2010-02,8008,monthly,13.36,01/02/2010
South West,E12000009,2010-02,4734,monthly,9.16,01/02/2010
West Midlands Region,E12000005,2010-02,3423,monthly,6.48,01/02/2010
London,E12000007,2010-03,7308,monthly,13.43,01/03/2010
North East,E12000001,2010-03,1851,monthly,5.15,01/03/2010
South East,E12000008,2010-03,9308,monthly,13.34,01/03/2010
South West,E12000009,2010-03,5742,monthly,9.8,01/03/2010
West Midlands Region,E12000005,2010-03,4286,monthly,7.1,01/03/2010
London,E12000007,2010-04,7032,monthly,14.93,01/04/2010
North East,E12000001,2010-04,2080,monthly,4.35,01/04/2010
South East,E12000008,2010-04,9428,monthly,13.03,01/04/2010
South West,E12000009,2010-04,6178,monthly,11.18,01/04/2010
West Midlands Region,E12000005,2010-04,4417,monthly,8.6,01/04/2010
London,E12000007,2010-05,7106,monthly,12.71,01/05/2010
North East,E12000001,2010-05,2018,monthly,2.8,01/05/2010
South East,E12000008,2010-05,9441,monthly,12.03,01/05/2010
South West,E12000009,2010-05,6113,monthly,10.52,01/05/2010
West Midlands Region,E12000005,2010-05,4263,monthly,7.34,01/05/2010
London,E12000007,2010-06,8756,monthly,12.2,01/06/2010
North East,E12000001,2010-06,2557,monthly,2.31,01/06/2010
South East,E12000008,2010-06,11478,monthly,11.4,01/06/2010
South West,E12000009,2010-06,7417,monthly,8.6,01/06/2010
West Midlands Region,E12000005,2010-06,5134,monthly,8.12,01/06/2010
London,E12000007,2010-07,9461,monthly,12.69,01/07/2010
North East,E12000001,2010-07,2623,monthly,1.98,01/07/2010
South East,E12000008,2010-07,12572,monthly,10.86,01/07/2010
South West,E12000009,2010-07,7788,monthly,8.16,01/07/2010
West Midlands Region,E12000005,2010-07,5691,monthly,5.24,01/07/2010
London,E12000007,2010-08,8570,monthly,10.9,01/08/2010
North East,E12000001,2010-08,2320,monthly,2.85,01/08/2010
South East,E12000008,2010-08,11769,monthly,8.41,01/08/2010
South West,E12000009,2010-08,7117,monthly,7.87,01/08/2010
West Midlands Region,E12000005,2010-08,5194,monthly,4.12,01/08/2010
London,E12000007,2010-09,8194,monthly,8.45,01/09/2010
North East,E12000001,2010-09,2213,monthly,-1.21,01/09/2010
South East,E12000008,2010-09,10823,monthly,7.24,01/09/2010
South West,E12000009,2010-09,6796,monthly,6.14,01/09/2010
West Midlands Region,E12000005,2010-09,4891,monthly,4.92,01/09/2010
London,E12000007,2010-10,7871,monthly,6.46,01/10/2010
North East,E12000001,2010-10,2331,monthly,1.35,01/10/2010
South East,E12000008,2010-10,10583,monthly,5.13,01/10/2010
South West,E12000009,2010-10,6862,monthly,4.96,01/10/2010
West Midlands Region,E12000005,2010-10,5118,monthly,1.54,01/10/2010
London,E12000007,2010-11,7663,monthly,5.79,01/11/2010
North East,E12000001,2010-11,2095,monthly,-3.11,01/11/2010
South East,E12000008,2010-11,10240,monthly,3.61,01/11/2010
South West,E12000009,2010-11,6509,monthly,3.11,01/11/2010
West Midlands Region,E12000005,2010-11,4768,monthly,2.01,01/11/2010
London,E12000007,2010-12,7448,monthly,5.64,01/12/2010
North East,E12000001,2010-12,2338,monthly,-4.41,01/12/2010
South East,E12000008,2010-12,10343,monthly,3.3,01/12/2010
South West,E12000009,2010-12,6617,monthly,1.56,01/12/2010
West Midlands Region,E12000005,2010-12,4973,monthly,0.11,01/12/2010
London,E12000007,2011-01,5870,monthly,2.95,01/01/2011
North East,E12000001,2011-01,1458,monthly,-2.36,01/01/2011
South East,E12000008,2011-01,6847,monthly,-0.58,01/01/2011
South West,E12000009,2011-01,3992,monthly,0.31,01/01/2011
West Midlands Region,E12000005,2011-01,3144,monthly,0.05,01/01/2011
London,E12000007,2011-02,5796,monthly,2.32,01/02/2011
North East,E12000001,2011-02,1541,monthly,-4.24,01/02/2011
South East,E12000008,2011-02,7278,monthly,-0.07,01/02/2011
South West,E12000009,2011-02,4297,monthly,-0.77,01/02/2011
West Midlands Region,E12000005,2011-02,3347,monthly,-2.03,01/02/2011
London,E12000007,2011-03,6675,monthly,2.36,01/03/2011
North East,E12000001,2011-03,2060,monthly,-6.01,01/03/2011
South East,E12000008,2011-03,8146,monthly,-0.41,01/03/2011
South West,E12000009,2011-03,5123,monthly,-0.48,01/03/2011
West Midlands Region,E12000005,2011-03,4000,monthly,-2.37,01/03/2011
London,E12000007,2011-04,6903,monthly,4.26,01/04/2011
North East,E12000001,2011-04,2157,monthly,-3.22,01/04/2011
South East,E12000008,2011-04,9007,monthly,-0.04,01/04/2011
South West,E12000009,2011-04,5864,monthly,-1.19,01/04/2011
West Midlands Region,E12000005,2011-04,4289,monthly,-2.39,01/04/2011
London,E12000007,2011-05,6460,monthly,1.05,01/05/2011
North East,E12000001,2011-05,2056,monthly,-2.36,01/05/2011
South East,E12000008,2011-05,8827,monthly,-0.84,01/05/2011
South West,E12000009,2011-05,5577,monthly,-2.65,01/05/2011
West Midlands Region,E12000005,2011-05,4121,monthly,-2.52,01/05/2011
London,E12000007,2011-06,7846,monthly,0.48,01/06/2011
North East,E12000001,2011-06,2476,monthly,-3.19,01/06/2011
South East,E12000008,2011-06,10180,monthly,-1.3,01/06/2011
South West,E12000009,2011-06,6522,monthly,-1.96,01/06/2011
West Midlands Region,E12000005,2011-06,5046,monthly,-3.32,01/06/2011
London,E12000007,2011-07,8742,monthly,1.05,01/07/2011
North East,E12000001,2011-07,2514,monthly,-4.65,01/07/2011
South East,E12000008,2011-07,11588,monthly,-1.13,01/07/2011
South West,E12000009,2011-07,6992,monthly,-1.72,01/07/2011
West Midlands Region,E12000005,2011-07,5252,monthly,-3.27,01/07/2011
London,E12000007,2011-08,8998,monthly,1.46,01/08/2011
North East,E12000001,2011-08,2436,monthly,-7.3,01/08/2011
South East,E12000008,2011-08,12033,monthly,-1.69,01/08/2011
South West,E12000009,2011-08,7390,monthly,-2.14,01/08/2011
West Midlands Region,E12000005,2011-08,5272,monthly,-2.97,01/08/2011
London,E12000007,2011-09,8707,monthly,1.81,01/09/2011
North East,E12000001,2011-09,2580,monthly,-4.08,01/09/2011
South East,E12000008,2011-09,11957,monthly,-1.49,01/09/2011
South West,E12000009,2011-09,7280,monthly,-3.22,01/09/2011
West Midlands Region,E12000005,2011-09,5379,monthly,-2.92,01/09/2011
London,E12000007,2011-10,7871,monthly,2.14,01/10/2011
North East,E12000001,2011-10,2261,monthly,-6.86,01/10/2011
South East,E12000008,2011-10,10459,monthly,-1.35,01/10/2011
South West,E12000009,2011-10,6777,monthly,-2.27,01/10/2011
West Midlands Region,E12000005,2011-10,5050,monthly,-2.94,01/10/2011
London,E12000007,2011-11,7956,monthly,3.1,01/11/2011
North East,E12000001,2011-11,2480,monthly,-2.69,01/11/2011
South East,E12000008,2011-11,11216,monthly,-0.04,01/11/2011
South West,E12000009,2011-11,6873,monthly,-1.44,01/11/2011
West Midlands Region,E12000005,2011-11,5200,monthly,-2.24,01/11/2011
London,E12000007,2011-12,8217,monthly,2.43,01/12/2011
North East,E12000001,2011-12,2618,monthly,-3.64,01/12/2011
South East,E12000008,2011-12,11844,monthly,0.33,01/12/2011
South West,E12000009,2011-12,7314,monthly,-1.22,01/12/2011
West Midlands Region,E12000005,2011-12,5634,monthly,-3.3,01/12/2011
London,E12000007,2012-01,6531,monthly,2.21,01/01/2012
North East,E12000001,2012-01,1694,monthly,-3.5,01/01/2012
South East,E12000008,2012-01,8014,monthly,0.45,01/01/2012
South West,E12000009,2012-01,5096,monthly,0.5,01/01/2012
West Midlands Region,E12000005,2012-01,3688,monthly,-0.97,01/01/2012
London,E12000007,2012-02,6659,monthly,2.51,01/02/2012
North East,E12000001,2012-02,1640,monthly,-2.53,01/02/2012
South East,E12000008,2012-02,8297,monthly,0.6,01/02/2012
South West,E12000009,2012-02,5198,monthly,1.06,01/02/2012
West Midlands Region,E12000005,2012-02,3769,monthly,-0.6,01/02/2012
London,E12000007,2012-03,9099,monthly,1.14,01/03/2012
North East,E12000001,2012-03,2368,monthly,0.79,01/03/2012
South East,E12000008,2012-03,11451,monthly,1.54,01/03/2012
South West,E12000009,2012-03,6908,monthly,0.26,01/03/2012
West Midlands Region,E12000005,2012-03,5350,monthly,1.1,01/03/2012
London,E12000007,2012-04,5961,monthly,1.73,01/04/2012
North East,E12000001,2012-04,1795,monthly,-2.85,01/04/2012
South East,E12000008,2012-04,7533,monthly,2.31,01/04/2012
South West,E12000009,2012-04,4890,monthly,1.42,01/04/2012
West Midlands Region,E12000005,2012-04,3737,monthly,-0.74,01/04/2012
London,E12000007,2012-05,7374,monthly,6.8,01/05/2012
North East,E12000001,2012-05,2160,monthly,-3.65,01/05/2012
South East,E12000008,2012-05,9560,monthly,2.26,01/05/2012
South West,E12000009,2012-05,5929,monthly,1.58,01/05/2012
West Midlands Region,E12000005,2012-05,4490,monthly,-1.07,01/05/2012
London,E12000007,2012-06,8132,monthly,7.32,01/06/2012
North East,E12000001,2012-06,2579,monthly,-1.86,01/06/2012
South East,E12000008,2012-06,10728,monthly,2.38,01/06/2012
South West,E12000009,2012-06,6715,monthly,1.22,01/06/2012
West Midlands Region,E12000005,2012-06,5205,monthly,1.31,01/06/2012
London,E12000007,2012-07,8751,monthly,4.43,01/07/2012
North East,E12000001,2012-07,2104,monthly,-0.41,01/07/2012
South East,E12000008,2012-07,11204,monthly,2.15,01/07/2012
South West,E12000009,2012-07,6815,monthly,1.18,01/07/2012
West Midlands Region,E12000005,2012-07,4909,monthly,0.83,01/07/2012
London,E12000007,2012-08,9073,monthly,5.13,01/08/2012
North East,E12000001,2012-08,2458,monthly,2.38,01/08/2012
South East,E12000008,2012-08,12557,monthly,3.41,01/08/2012
South West,E12000009,2012-08,7640,monthly,0.04,01/08/2012
West Midlands Region,E12000005,2012-08,5469,monthly,0.83,01/08/2012
London,E12000007,2012-09,7906,monthly,4.44,01/09/2012
North East,E12000001,2012-09,2015,monthly,0.82,01/09/2012
South East,E12000008,2012-09,10140,monthly,3.26,01/09/2012
South West,E12000009,2012-09,6017,monthly,1.15,01/09/2012
West Midlands Region,E12000005,2012-09,4382,monthly,-0.29,01/09/2012
London,E12000007,2012-10,8146,monthly,6.16,01/10/2012
North East,E12000001,2012-10,2361,monthly,0.53,01/10/2012
South East,E12000008,2012-10,10976,monthly,3.03,01/10/2012
South West,E12000009,2012-10,6771,monthly,1.08,01/10/2012
West Midlands Region,E12000005,2012-10,4927,monthly,0.62,01/10/2012
London,E12000007,2012-11,8626,monthly,6.01,01/11/2012
North East,E12000001,2012-11,2502,monthly,-0.21,01/11/2012
South East,E12000008,2012-11,11577,monthly,2.2,01/11/2012
South West,E12000009,2012-11,7187,monthly,1.32,01/11/2012
West Midlands Region,E12000005,2012-11,5706,monthly,0.8,01/11/2012
London,E12000007,2012-12,7601,monthly,7.34,01/12/2012
North East,E12000001,2012-12,2354,monthly,-0.41,01/12/2012
South East,E12000008,2012-12,10312,monthly,2.96,01/12/2012
South West,E12000009,2012-12,6484,monthly,0.25,01/12/2012
West Midlands Region,E12000005,2012-12,4820,monthly,2.62,01/12/2012
London,E12000007,2013-01,6834,monthly,5.78,01/01/2013
North East,E12000001,2013-01,1582,monthly,0.51,01/01/2013
South East,E12000008,2013-01,8108,monthly,3.47,01/01/2013
South West,E12000009,2013-01,4677,monthly,-0.06,01/01/2013
West Midlands Region,E12000005,2013-01,3526,monthly,-0.05,01/01/2013
London,E12000007,2013-02,6693,monthly,7.24,01/02/2013
North East,E12000001,2013-02,1697,monthly,-1.62,01/02/2013
South East,E12000008,2013-02,8163,monthly,2.46,01/02/2013
South West,E12000009,2013-02,4943,monthly,-0.22,01/02/2013
West Midlands Region,E12000005,2013-02,4023,monthly,1.29,01/02/2013
London,E12000007,2013-03,7663,monthly,7.55,01/03/2013
North East,E12000001,2013-03,2212,monthly,-1.25,01/03/2013
South East,E12000008,2013-03,9491,monthly,2.83,01/03/2013
South West,E12000009,2013-03,5972,monthly,1.28,01/03/2013
West Midlands Region,E12000005,2013-03,4742,monthly,0.83,01/03/2013
London,E12000007,2013-04,7388,monthly,7.31,01/04/2013
North East,E12000001,2013-04,2016,monthly,-0.6,01/04/2013
South East,E12000008,2013-04,9101,monthly,2.08,01/04/2013
South West,E12000009,2013-04,5652,monthly,1.26,01/04/2013
West Midlands Region,E12000005,2013-04,4243,monthly,1.27,01/04/2013
London,E12000007,2013-05,9010,monthly,6,01/05/2013
North East,E12000001,2013-05,2618,monthly,0.21,01/05/2013
South East,E12000008,2013-05,11770,monthly,2.16,01/05/2013
South West,E12000009,2013-05,7337,monthly,1.3,01/05/2013
West Midlands Region,E12000005,2013-05,5653,monthly,2.21,01/05/2013
London,E12000007,2013-06,8930,monthly,5.77,01/06/2013
North East,E12000001,2013-06,2764,monthly,-1.53,01/06/2013
South East,E12000008,2013-06,11961,monthly,2.94,01/06/2013
South West,E12000009,2013-06,7521,monthly,0.76,01/06/2013
West Midlands Region,E12000005,2013-06,5778,monthly,1.18,01/06/2013
London,E12000007,2013-07,10889,monthly,7.78,01/07/2013
North East,E12000001,2013-07,2698,monthly,1.22,01/07/2013
South East,E12000008,2013-07,13795,monthly,3.08,01/07/2013
South West,E12000009,2013-07,8260,monthly,0.79,01/07/2013
West Midlands Region,E12000005,2013-07,6106,monthly,2,01/07/2013
London,E12000007,2013-08,11153,monthly,8.29,01/08/2013
North East,E12000001,2013-08,2870,monthly,0.39,01/08/2013
South East,E12000008,2013-08,15122,monthly,2.92,01/08/2013
South West,E12000009,2013-08,9214,monthly,2.33,01/08/2013
West Midlands Region,E12000005,2013-08,6634,monthly,2.89,01/08/2013
London,E12000007,2013-09,10276,monthly,10.38,01/09/2013
North East,E12000001,2013-09,2651,monthly,0.8,01/09/2013
South East,E12000008,2013-09,13167,monthly,2.93,01/09/2013
South West,E12000009,2013-09,8118,monthly,3.33,01/09/2013
West Midlands Region,E12000005,2013-09,5689,monthly,1.76,01/09/2013
London,E12000007,2013-10,10935,monthly,9.59,01/10/2013
North East,E12000001,2013-10,2933,monthly,-3.41,01/10/2013
South East,E12000008,2013-10,14569,monthly,4.62,01/10/2013
South West,E12000009,2013-10,9061,monthly,2.83,01/10/2013
West Midlands Region,E12000005,2013-10,6806,monthly,3.75,01/10/2013
London,E12000007,2013-11,11427,monthly,11.41,01/11/2013
North East,E12000001,2013-11,3237,monthly,-0.28,01/11/2013
South East,E12000008,2013-11,15099,monthly,5.64,01/11/2013
South West,E12000009,2013-11,9815,monthly,3.16,01/11/2013
West Midlands Region,E12000005,2013-11,7378,monthly,3.07,01/11/2013
London,E12000007,2013-12,10775,monthly,12.2,01/12/2013
North East,E12000001,2013-12,3277,monthly,1.23,01/12/2013
South East,E12000008,2013-12,14971,monthly,5.8,01/12/2013
South West,E12000009,2013-12,9321,monthly,5.7,01/12/2013
West Midlands Region,E12000005,2013-12,6957,monthly,3.14,01/12/2013
London,E12000007,2014-01,9966,monthly,14.28,01/01/2014
North East,E12000001,2014-01,2614,monthly,0.83,01/01/2014
South East,E12000008,2014-01,12253,monthly,6.99,01/01/2014
South West,E12000009,2014-01,7412,monthly,4.44,01/01/2014
West Midlands Region,E12000005,2014-01,5627,monthly,4.93,01/01/2014
London,E12000007,2014-02,9363,monthly,14.14,01/02/2014
North East,E12000001,2014-02,2467,monthly,2.48,01/02/2014
South East,E12000008,2014-02,12002,monthly,7.8,01/02/2014
South West,E12000009,2014-02,7672,monthly,5.15,01/02/2014
West Midlands Region,E12000005,2014-02,5806,monthly,3.97,01/02/2014
London,E12000007,2014-03,9537,monthly,15.73,01/03/2014
North East,E12000001,2014-03,2830,monthly,1,01/03/2014
South East,E12000008,2014-03,12484,monthly,8.02,01/03/2014
South West,E12000009,2014-03,7494,monthly,5.31,01/03/2014
West Midlands Region,E12000005,2014-03,6048,monthly,4.95,01/03/2014
London,E12000007,2014-04,9809,monthly,16.96,01/04/2014
North East,E12000001,2014-04,2845,monthly,2.59,01/04/2014
South East,E12000008,2014-04,12835,monthly,8.45,01/04/2014
South West,E12000009,2014-04,8260,monthly,5.56,01/04/2014
West Midlands Region,E12000005,2014-04,6131,monthly,6.1,01/04/2014
London,E12000007,2014-05,10155,monthly,18.73,01/05/2014
North East,E12000001,2014-05,3236,monthly,2.39,01/05/2014
South East,E12000008,2014-05,13967,monthly,10.1,01/05/2014
South West,E12000009,2014-05,8813,monthly,5.83,01/05/2014
West Midlands Region,E12000005,2014-05,7067,monthly,5.71,01/05/2014
London,E12000007,2014-06,10486,monthly,19.31,01/06/2014
North East,E12000001,2014-06,3539,monthly,4.82,01/06/2014
South East,E12000008,2014-06,14673,monthly,9.72,01/06/2014
South West,E12000009,2014-06,9577,monthly,5.96,01/06/2014
West Midlands Region,E12000005,2014-06,7314,monthly,5.54,01/06/2014
London,E12000007,2014-07,11340,monthly,19.75,01/07/2014
North East,E12000001,2014-07,3228,monthly,2.29,01/07/2014
South East,E12000008,2014-07,15973,monthly,10.25,01/07/2014
South West,E12000009,2014-07,9972,monthly,7.16,01/07/2014
West Midlands Region,E12000005,2014-07,7554,monthly,5.14,01/07/2014
London,E12000007,2014-08,11243,monthly,20.56,01/08/2014
North East,E12000001,2014-08,3488,monthly,0.92,01/08/2014
South East,E12000008,2014-08,16577,monthly,11.41,01/08/2014
South West,E12000009,2014-08,10229,monthly,7.75,01/08/2014
West Midlands Region,E12000005,2014-08,8005,monthly,5.87,01/08/2014
London,E12000007,2014-09,10437,monthly,18.55,01/09/2014
North East,E12000001,2014-09,3115,monthly,0.93,01/09/2014
South East,E12000008,2014-09,14977,monthly,11.92,01/09/2014
South West,E12000009,2014-09,9277,monthly,7.76,01/09/2014
West Midlands Region,E12000005,2014-09,7078,monthly,6.81,01/09/2014
London,E12000007,2014-10,10773,monthly,18.31,01/10/2014
North East,E12000001,2014-10,3533,monthly,5.1,01/10/2014
South East,E12000008,2014-10,16051,monthly,11.99,01/10/2014
South West,E12000009,2014-10,10261,monthly,7.55,01/10/2014
West Midlands Region,E12000005,2014-10,7854,monthly,5.79,01/10/2014
London,E12000007,2014-11,9095,monthly,16.6,01/11/2014
North East,E12000001,2014-11,3293,monthly,1.99,01/11/2014
South East,E12000008,2014-11,13599,monthly,10.85,01/11/2014
South West,E12000009,2014-11,8499,monthly,6.75,01/11/2014
West Midlands Region,E12000005,2014-11,6595,monthly,5.47,01/11/2014
London,E12000007,2014-12,9745,monthly,14.45,01/12/2014
North East,E12000001,2014-12,3237,monthly,2.17,01/12/2014
South East,E12000008,2014-12,14439,monthly,10.56,01/12/2014
South West,E12000009,2014-12,9535,monthly,6.53,01/12/2014
West Midlands Region,E12000005,2014-12,7028,monthly,5.43,01/12/2014
London,E12000007,2015-01,8142,monthly,13.21,01/01/2015
North East,E12000001,2015-01,2417,monthly,2.29,01/01/2015
South East,E12000008,2015-01,10936,monthly,9.91,01/01/2015
South West,E12000009,2015-01,6613,monthly,7.38,01/01/2015
West Midlands Region,E12000005,2015-01,4976,monthly,4.29,01/01/2015
London,E12000007,2015-02,7937,monthly,13.1,01/02/2015
North East,E12000001,2015-02,2290,monthly,3.26,01/02/2015
South East,E12000008,2015-02,10909,monthly,9.64,01/02/2015
South West,E12000009,2015-02,6543,monthly,5.56,01/02/2015
West Midlands Region,E12000005,2015-02,5487,monthly,6.05,01/02/2015
London,E12000007,2015-03,8847,monthly,11.98,01/03/2015
North East,E12000001,2015-03,2829,monthly,1.08,01/03/2015
South East,E12000008,2015-03,11739,monthly,8.92,01/03/2015
South West,E12000009,2015-03,7558,monthly,5.73,01/03/2015
West Midlands Region,E12000005,2015-03,6160,monthly,3.97,01/03/2015
London,E12000007,2015-04,8323,monthly,9.35,01/04/2015
North East,E12000001,2015-04,2718,monthly,2.78,01/04/2015
South East,E12000008,2015-04,11596,monthly,8.68,01/04/2015
South West,E12000009,2015-04,7557,monthly,5.12,01/04/2015
West Midlands Region,E12000005,2015-04,5602,monthly,4.23,01/04/2015
London,E12000007,2015-05,9059,monthly,8.65,01/05/2015
North East,E12000001,2015-05,3303,monthly,1.68,01/05/2015
South East,E12000008,2015-05,12900,monthly,7.86,01/05/2015
South West,E12000009,2015-05,8517,monthly,5.59,01/05/2015
West Midlands Region,E12000005,2015-05,7026,monthly,4.44,01/05/2015
London,E12000007,2015-06,10721,monthly,8.34,01/06/2015
North East,E12000001,2015-06,3735,monthly,1.13,01/06/2015
South East,E12000008,2015-06,15232,monthly,8.59,01/06/2015
South West,E12000009,2015-06,10048,monthly,6.25,01/06/2015
West Midlands Region,E12000005,2015-06,7460,monthly,4.23,01/06/2015
London,E12000007,2015-07,11980,monthly,8.25,01/07/2015
North East,E12000001,2015-07,3739,monthly,1.15,01/07/2015
South East,E12000008,2015-07,16491,monthly,8.6,01/07/2015
South West,E12000009,2015-07,10642,monthly,5.27,01/07/2015
West Midlands Region,E12000005,2015-07,8374,monthly,5.02,01/07/2015
London,E12000007,2015-08,10499,monthly,7.76,01/08/2015
North East,E12000001,2015-08,3198,monthly,1.89,01/08/2015
South East,E12000008,2015-08,15511,monthly,8.47,01/08/2015
South West,E12000009,2015-08,9970,monthly,5.42,01/08/2015
West Midlands Region,E12000005,2015-08,7532,monthly,4.54,01/08/2015
London,E12000007,2015-09,10686,monthly,8.93,01/09/2015
North East,E12000001,2015-09,3289,monthly,2.54,01/09/2015
South East,E12000008,2015-09,15052,monthly,8.06,01/09/2015
South West,E12000009,2015-09,9895,monthly,5.16,01/09/2015
West Midlands Region,E12000005,2015-09,7428,monthly,4.74,01/09/2015
London,E12000007,2015-10,10926,monthly,9.49,01/10/2015
North East,E12000001,2015-10,3582,monthly,2.44,01/10/2015
South East,E12000008,2015-10,16502,monthly,8.7,01/10/2015
South West,E12000009,2015-10,10353,monthly,5.69,01/10/2015
West Midlands Region,E12000005,2015-10,8479,monthly,4.77,01/10/2015
London,E12000007,2015-11,9752,monthly,11.15,01/11/2015
North East,E12000001,2015-11,3403,monthly,3.58,01/11/2015
South East,E12000008,2015-11,14653,monthly,9.71,01/11/2015
South West,E12000009,2015-11,9283,monthly,7.44,01/11/2015
West Midlands Region,E12000005,2015-11,7658,monthly,5.69,01/11/2015
London,E12000007,2015-12,9700,monthly,11.7,01/12/2015
North East,E12000001,2015-12,3351,monthly,4.04,01/12/2015
South East,E12000008,2015-12,14723,monthly,10.25,01/12/2015
South West,E12000009,2015-12,9766,monthly,7.22,01/12/2015
West Midlands Region,E12000005,2015-12,7671,monthly,5.63,01/12/2015
London,E12000007,2016-01,7927,monthly,13.56,01/01/2016
North East,E12000001,2016-01,2451,monthly,3.36,01/01/2016
South East,E12000008,2016-01,11281,monthly,10.88,01/01/2016
South West,E12000009,2016-01,7182,monthly,6.42,01/01/2016
West Midlands Region,E12000005,2016-01,5565,monthly,6.97,01/01/2016
London,E12000007,2016-02,8208,monthly,13.09,01/02/2016
North East,E12000001,2016-02,2627,monthly,2.16,01/02/2016
South East,E12000008,2016-02,11988,monthly,11.73,01/02/2016
South West,E12000009,2016-02,8027,monthly,8.32,01/02/2016
West Midlands Region,E12000005,2016-02,6160,monthly,5.18,01/02/2016
London,E12000007,2016-03,17501,monthly,14.81,01/03/2016
North East,E12000001,2016-03,4535,monthly,4.47,01/03/2016
South East,E12000008,2016-03,21531,monthly,13.24,01/03/2016
South West,E12000009,2016-03,14439,monthly,10.14,01/03/2016
West Midlands Region,E12000005,2016-03,11240,monthly,6.28,01/03/2016
London,E12000007,2016-04,5746,monthly,12.33,01/04/2016
North East,E12000001,2016-04,2381,monthly,0.73,01/04/2016
South East,E12000008,2016-04,9325,monthly,10.86,01/04/2016
South West,E12000009,2016-04,5901,monthly,6.1,01/04/2016
West Midlands Region,E12000005,2016-04,5303,monthly,6.89,01/04/2016
London,E12000007,2016-05,6617,monthly,12.43,01/05/2016
North East,E12000001,2016-05,2756,monthly,3.39,01/05/2016
South East,E12000008,2016-05,10633,monthly,11.08,01/05/2016
South West,E12000009,2016-05,7144,monthly,7.34,01/05/2016
West Midlands Region,E12000005,2016-05,6027,monthly,7.45,01/05/2016
London,E12000007,2016-06,8464,monthly,11.6,01/06/2016
North East,E12000001,2016-06,3499,monthly,3.52,01/06/2016
South East,E12000008,2016-06,13226,monthly,10.86,01/06/2016
South West,E12000009,2016-06,9089,monthly,7.41,01/06/2016
West Midlands Region,E12000005,2016-06,7231,monthly,7.5,01/06/2016
London,E12000007,2016-07,8794,monthly,10.17,01/07/2016
North East,E12000001,2016-07,3511,monthly,4.11,01/07/2016
South East,E12000008,2016-07,14114,monthly,10.43,01/07/2016
South West,E12000009,2016-07,9342,monthly,7.1,01/07/2016
West Midlands Region,E12000005,2016-07,7505,monthly,6.58,01/07/2016
London,E12000007,2016-08,8535,monthly,8.21,01/08/2016
North East,E12000001,2016-08,3241,monthly,2.02,01/08/2016
South East,E12000008,2016-08,14632,monthly,9.39,01/08/2016
South West,E12000009,2016-08,9821,monthly,6.1,01/08/2016
West Midlands Region,E12000005,2016-08,8011,monthly,6.61,01/08/2016
London,E12000007,2016-09,8275,monthly,7.29,01/09/2016
North East,E12000001,2016-09,3370,monthly,1.2,01/09/2016
South East,E12000008,2016-09,13617,monthly,8.11,01/09/2016
South West,E12000009,2016-09,9276,monthly,5.66,01/09/2016
West Midlands Region,E12000005,2016-09,7692,monthly,6.71,01/09/2016
London,E12000007,2016-10,8100,monthly,6.93,01/10/2016
North East,E12000001,2016-10,3061,monthly,2.22,01/10/2016
South East,E12000008,2016-10,12356,monthly,7.52,01/10/2016
South West,E12000009,2016-10,8873,monthly,5.08,01/10/2016
West Midlands Region,E12000005,2016-10,6992,monthly,5.68,01/10/2016
London,E12000007,2016-11,8178,monthly,5.69,01/11/2016
North East,E12000001,2016-11,3366,monthly,1.53,01/11/2016
South East,E12000008,2016-11,12669,monthly,6.71,01/11/2016
South West,E12000009,2016-11,9086,monthly,4.71,01/11/2016
West Midlands Region,E12000005,2016-11,7393,monthly,6.14,01/11/2016
London,E12000007,2016-12,8460,monthly,4.96,01/12/2016
North East,E12000001,2016-12,3661,monthly,2.21,01/12/2016
South East,E12000008,2016-12,14140,monthly,6.14,01/12/2016
South West,E12000009,2016-12,9921,monthly,4.16,01/12/2016
West Midlands Region,E12000005,2016-12,7930,monthly,6.13,01/12/2016
London,E12000007,2017-01,6931,monthly,3.97,01/01/2017
North East,E12000001,2017-01,2581,monthly,0.79,01/01/2017
South East,E12000008,2017-01,10227,monthly,6.54,01/01/2017
South West,E12000009,2017-01,6958,monthly,5.42,01/01/2017
West Midlands Region,E12000005,2017-01,5663,monthly,5.15,01/01/2017
London,E12000007,2017-02,7108,monthly,4.14,01/02/2017
North East,E12000001,2017-02,2701,monthly,2.48,01/02/2017
South East,E12000008,2017-02,10887,monthly,4.88,01/02/2017
South West,E12000009,2017-02,7145,monthly,5.11,01/02/2017
West Midlands Region,E12000005,2017-02,6037,monthly,6.43,01/02/2017
London,E12000007,2017-03,8659,monthly,2.32,01/03/2017
North East,E12000001,2017-03,3530,monthly,-0.8,01/03/2017
South East,E12000008,2017-03,12670,monthly,3.41,01/03/2017
South West,E12000009,2017-03,8763,monthly,1.99,01/03/2017
West Midlands Region,E12000005,2017-03,7552,monthly,6.05,01/03/2017
London,E12000007,2017-04,7120,monthly,4.06,01/04/2017
North East,E12000001,2017-04,3011,monthly,1.97,01/04/2017
South East,E12000008,2017-04,11007,monthly,5.33,01/04/2017
South West,E12000009,2017-04,7470,monthly,5.65,01/04/2017
West Midlands Region,E12000005,2017-04,6032,monthly,4.89,01/04/2017
London,E12000007,2017-05,7874,monthly,2.87,01/05/2017
North East,E12000001,2017-05,3088,monthly,1.91,01/05/2017
South East,E12000008,2017-05,11895,monthly,4.69,01/05/2017
South West,E12000009,2017-05,8279,monthly,4.85,01/05/2017
West Midlands Region,E12000005,2017-05,6822,monthly,4.84,01/05/2017
London,E12000007,2017-06,9192,monthly,2.57,01/06/2017
North East,E12000001,2017-06,4245,monthly,0.94,01/06/2017
South East,E12000008,2017-06,14680,monthly,4.34,01/06/2017
South West,E12000009,2017-06,10186,monthly,4.85,01/06/2017
West Midlands Region,E12000005,2017-06,8395,monthly,4.8,01/06/2017
London,E12000007,2017-07,8494,monthly,2.73,01/07/2017
North East,E12000001,2017-07,3452,monthly,0.21,01/07/2017
South East,E12000008,2017-07,13952,monthly,3.89,01/07/2017
South West,E12000009,2017-07,9322,monthly,5.62,01/07/2017
West Midlands Region,E12000005,2017-07,7782,monthly,5.81,01/07/2017
London,E12000007,2017-08,8921,monthly,3.21,01/08/2017
North East,E12000001,2017-08,3486,monthly,2.87,01/08/2017
South East,E12000008,2017-08,15084,monthly,4.23,01/08/2017
South West,E12000009,2017-08,10281,monthly,5.74,01/08/2017
West Midlands Region,E12000005,2017-08,8216,monthly,5.76,01/08/2017
London,E12000007,2017-09,8239,monthly,2.56,01/09/2017
North East,E12000001,2017-09,3562,monthly,2.2,01/09/2017
South East,E12000008,2017-09,13696,monthly,4.93,01/09/2017
South West,E12000009,2017-09,9403,monthly,5.15,01/09/2017
West Midlands Region,E12000005,2017-09,7957,monthly,5.25,01/09/2017
London,E12000007,2017-10,7990,monthly,2.28,01/10/2017
North East,E12000001,2017-10,3537,monthly,3.52,01/10/2017
South East,E12000008,2017-10,13422,monthly,4.57,01/10/2017
South West,E12000009,2017-10,9426,monthly,6.52,01/10/2017
West Midlands Region,E12000005,2017-10,7788,monthly,6.65,01/10/2017
London,E12000007,2017-11,7629,monthly,1.15,01/11/2017
North East,E12000001,2017-11,3661,monthly,1.77,01/11/2017
South East,E12000008,2017-11,13141,monthly,4.01,01/11/2017
South West,E12000009,2017-11,9494,monthly,5.14,01/11/2017
West Midlands Region,E12000005,2017-11,7945,monthly,5.24,01/11/2017
London,E12000007,2017-12,7883,monthly,0.95,01/12/2017
North East,E12000001,2017-12,3664,monthly,3,01/12/2017
South East,E12000008,2017-12,13223,monthly,3.73,01/12/2017
South West,E12000009,2017-12,9462,monthly,5.51,01/12/2017
West Midlands Region,E12000005,2017-12,7730,monthly,6.01,01/12/2017
London,E12000007,2018-01,6584,monthly,0.87,01/01/2018
North East,E12000001,2018-01,2523,monthly,1.73,01/01/2018
South East,E12000008,2018-01,10093,monthly,2.58,01/01/2018
South West,E12000009,2018-01,6722,monthly,5.74,01/01/2018
West Midlands Region,E12000005,2018-01,5852,monthly,5.24,01/01/2018
London,E12000007,2018-02,6386,monthly,0.24,01/02/2018
North East,E12000001,2018-02,2535,monthly,1.9,01/02/2018
South East,E12000008,2018-02,9950,monthly,3.66,01/02/2018
South West,E12000009,2018-02,7110,monthly,4.87,01/02/2018
West Midlands Region,E12000005,2018-02,6132,monthly,6.21,01/02/2018
London,E12000007,2018-03,7350,monthly,-0.65,01/03/2018
North East,E12000001,2018-03,3213,monthly,1.79,01/03/2018
South East,E12000008,2018-03,11783,monthly,3.04,01/03/2018
South West,E12000009,2018-03,7734,monthly,5.19,01/03/2018
West Midlands Region,E12000005,2018-03,7003,monthly,5.87,01/03/2018
London,E12000007,2018-04,6511,monthly,-0.53,01/04/2018
North East,E12000001,2018-04,2867,monthly,2.75,01/04/2018
South East,E12000008,2018-04,9781,monthly,2.48,01/04/2018
South West,E12000009,2018-04,7058,monthly,4.06,01/04/2018
West Midlands Region,E12000005,2018-04,5844,monthly,5.49,01/04/2018
London,E12000007,2018-05,6980,monthly,-0.5,01/05/2018
North East,E12000001,2018-05,3301,monthly,1.39,01/05/2018
South East,E12000008,2018-05,11436,monthly,2.06,01/05/2018
South West,E12000009,2018-05,8038,monthly,3.55,01/05/2018
West Midlands Region,E12000005,2018-05,6757,monthly,4.42,01/05/2018
London,E12000007,2018-06,8135,monthly,-0.05,01/06/2018
North East,E12000001,2018-06,4050,monthly,-0.04,01/06/2018
South East,E12000008,2018-06,13779,monthly,1.98,01/06/2018
South West,E12000009,2018-06,9476,monthly,3.09,01/06/2018
West Midlands Region,E12000005,2018-06,8141,monthly,4.68,01/06/2018
London,E12000007,2018-07,8303,monthly,-0.78,01/07/2018
North East,E12000001,2018-07,3460,monthly,2.55,01/07/2018
South East,E12000008,2018-07,13184,monthly,1.87,01/07/2018
South West,E12000009,2018-07,8792,monthly,3.21,01/07/2018
West Midlands Region,E12000005,2018-07,7454,monthly,4.85,01/07/2018
London,E12000007,2018-08,8975,monthly,-1.55,01/08/2018
North East,E12000001,2018-08,3935,monthly,0.49,01/08/2018
South East,E12000008,2018-08,14793,monthly,1.54,01/08/2018
South West,E12000009,2018-08,10305,monthly,3.21,01/08/2018
West Midlands Region,E12000005,2018-08,8295,monthly,3.96,01/08/2018
London,E12000007,2018-09,7636,monthly,-1.51,01/09/2018
North East,E12000001,2018-09,3115,monthly,2.11,01/09/2018
South East,E12000008,2018-09,11992,monthly,1.38,01/09/2018
South West,E12000009,2018-09,8137,monthly,3.8,01/09/2018
West Midlands Region,E12000005,2018-09,7180,monthly,5.25,01/09/2018
London,E12000007,2018-10,7956,monthly,-0.35,01/10/2018
North East,E12000001,2018-10,3560,monthly,1.69,01/10/2018
South East,E12000008,2018-10,13093,monthly,0.75,01/10/2018
South West,E12000009,2018-10,9362,monthly,2.36,01/10/2018
West Midlands Region,E12000005,2018-10,7895,monthly,4.83,01/10/2018
London,E12000007,2018-11,8130,monthly,-0.41,01/11/2018
North East,E12000001,2018-11,3829,monthly,1.39,01/11/2018
South East,E12000008,2018-11,13696,monthly,0.95,01/11/2018
South West,E12000009,2018-11,9595,monthly,3.04,01/11/2018
West Midlands Region,E12000005,2018-11,8943,monthly,4.14,01/11/2018
London,E12000007,2018-12,6957,monthly,-0.75,01/12/2018
North East,E12000001,2018-12,3358,monthly,-1.09,01/12/2018
South East,E12000008,2018-12,11914,monthly,0.12,01/12/2018
South West,E12000009,2018-12,8447,monthly,2.92,01/12/2018
West Midlands Region,E12000005,2018-12,7365,monthly,4.2,01/12/2018
London,E12000007,2019-01,6031,monthly,-2.02,01/01/2019
North East,E12000001,2019-01,2538,monthly,1.03,01/01/2019
South East,E12000008,2019-01,9325,monthly,0.39,01/01/2019
South West,E12000009,2019-01,6526,monthly,0.83,01/01/2019
West Midlands Region,E12000005,2019-01,5458,monthly,4.07,01/01/2019
London,E12000007,2019-02,5967,monthly,-2.47,01/02/2019
North East,E12000001,2019-02,2617,monthly,-1.51,01/02/2019
South East,E12000008,2019-02,9410,monthly,-0.4,01/02/2019
South West,E12000009,2019-02,6476,monthly,1.77,01/02/2019
West Midlands Region,E12000005,2019-02,6023,monthly,3.51,01/02/2019
London,E12000007,2019-03,6875,monthly,-1.73,01/03/2019
North East,E12000001,2019-03,3337,monthly,0.51,01/03/2019
South East,E12000008,2019-03,10703,monthly,-0.86,01/03/2019
South West,E12000009,2019-03,7615,monthly,0.97,01/03/2019
West Midlands Region,E12000005,2019-03,6870,monthly,2.62,01/03/2019
London,E12000007,2019-04,6063,monthly,-1.62,01/04/2019
North East,E12000001,2019-04,2807,monthly,0.42,01/04/2019
South East,E12000008,2019-04,10174,monthly,-0.76,01/04/2019
South West,E12000009,2019-04,6983,monthly,1.07,01/04/2019
West Midlands Region,E12000005,2019-04,6227,monthly,2.14,01/04/2019
London,E12000007,2019-05,6815,monthly,-3.11,01/05/2019
North East,E12000001,2019-05,3338,monthly,0.01,01/05/2019
South East,E12000008,2019-05,11063,monthly,-1.11,01/05/2019
South West,E12000009,2019-05,7763,monthly,0.56,01/05/2019
West Midlands Region,E12000005,2019-05,6883,monthly,2.98,01/05/2019
London,E12000007,2019-06,6991,monthly,-1.96,01/06/2019
North East,E12000001,2019-06,3628,monthly,1.14,01/06/2019
South East,E12000008,2019-06,11537,monthly,-1.18,01/06/2019
South West,E12000009,2019-06,8057,monthly,0.04,01/06/2019
West Midlands Region,E12000005,2019-06,7130,monthly,1.44,01/06/2019
London,E12000007,2019-07,8275,monthly,-1.28,01/07/2019
North East,E12000001,2019-07,3467,monthly,-1.07,01/07/2019
South East,E12000008,2019-07,12874,monthly,-1.39,01/07/2019
South West,E12000009,2019-07,8596,monthly,0.5,01/07/2019
West Midlands Region,E12000005,2019-07,7185,monthly,0.7,01/07/2019
London,E12000007,2019-08,8797,monthly,-1.42,01/08/2019
North East,E12000001,2019-08,3708,monthly,0.82,01/08/2019
South East,E12000008,2019-08,14003,monthly,-1.63,01/08/2019
South West,E12000009,2019-08,9127,monthly,-0.06,01/08/2019
West Midlands Region,E12000005,2019-08,7863,monthly,1.8,01/08/2019
London,E12000007,2019-09,7586,monthly,0.13,01/09/2019
North East,E12000001,2019-09,3252,monthly,1.3,01/09/2019
South East,E12000008,2019-09,11931,monthly,-1.01,01/09/2019
South West,E12000009,2019-09,7938,monthly,-0.02,01/09/2019
West Midlands Region,E12000005,2019-09,6913,monthly,1.18,01/09/2019
London,E12000007,2019-10,7901,monthly,-1.54,01/10/2019
North East,E12000001,2019-10,3444,monthly,-1.1,01/10/2019
South East,E12000008,2019-10,12908,monthly,-0.68,01/10/2019
South West,E12000009,2019-10,8781,monthly,0.68,01/10/2019
West Midlands Region,E12000005,2019-10,7749,monthly,1.01,01/10/2019
London,E12000007,2019-11,7833,monthly,-1.18,01/11/2019
North East,E12000001,2019-11,3904,monthly,0.46,01/11/2019
South East,E12000008,2019-11,13231,monthly,-0.33,01/11/2019
South West,E12000009,2019-11,9101,monthly,-0.15,01/11/2019
West Midlands Region,E12000005,2019-11,7878,monthly,1.86,01/11/2019
London,E12000007,2019-12,7107,monthly,1.25,01/12/2019
North East,E12000001,2019-12,3370,monthly,0.48,01/12/2019
South East,E12000008,2019-12,12615,monthly,0.05,01/12/2019
South West,E12000009,2019-12,8489,monthly,-0.09,01/12/2019
West Midlands Region,E12000005,2019-12,7270,monthly,-0.08,01/12/2019
London,E12000007,2020-01,6527,monthly,1.25,01/01/2020
North East,E12000001,2020-01,2733,monthly,1.51,01/01/2020
South East,E12000008,2020-01,9742,monthly,-0.16,01/01/2020
South West,E12000009,2020-01,6566,monthly,1.12,01/01/2020
West Midlands Region,E12000005,2020-01,5692,monthly,2.85,01/01/2020
London,E12000007,2020-02,6465,monthly,1.8,01/02/2020
North East,E12000001,2020-02,2604,monthly,1.97,01/02/2020
South East,E12000008,2020-02,9889,monthly,-0.6,01/02/2020
South West,E12000009,2020-02,6465,monthly,0.38,01/02/2020
West Midlands Region,E12000005,2020-02,5674,monthly,0.81,01/02/2020
London,E12000007,2020-03,6842,monthly,3.97,01/03/2020
North East,E12000001,2020-03,2623,monthly,2.92,01/03/2020
South East,E12000008,2020-03,10166,monthly,1.9,01/03/2020
South West,E12000009,2020-03,6818,monthly,2.53,01/03/2020
West Midlands Region,E12000005,2020-03,5554,monthly,2.35,01/03/2020
London,E12000007,2020-04,3206,monthly,1.41,01/04/2020
North East,E12000001,2020-04,1003,monthly,-4.38,01/04/2020
South East,E12000008,2020-04,4138,monthly,1.96,01/04/2020
South West,E12000009,2020-04,2467,monthly,1.42,01/04/2020
West Midlands Region,E12000005,2020-04,2290,monthly,-0.21,01/04/2020
London,E12000007,2020-05,2929,monthly,2.07,01/05/2020
North East,E12000001,2020-05,1557,monthly,-0.66,01/05/2020
South East,E12000008,2020-05,5049,monthly,0.81,01/05/2020
South West,E12000009,2020-05,3494,monthly,1.46,01/05/2020
West Midlands Region,E12000005,2020-05,3216,monthly,1.6,01/05/2020
London,E12000007,2020-06,4511,monthly,2.01,01/06/2020
North East,E12000001,2020-06,2395,monthly,0.12,01/06/2020
South East,E12000008,2020-06,7833,monthly,0.37,01/06/2020
South West,E12000009,2020-06,5379,monthly,2.65,01/06/2020
West Midlands Region,E12000005,2020-06,4649,monthly,2.36,01/06/2020
London,E12000007,2020-07,5988,monthly,1.11,01/07/2020
North East,E12000001,2020-07,2733,monthly,0.72,01/07/2020
South East,E12000008,2020-07,9560,monthly,0.99,01/07/2020
South West,E12000009,2020-07,6413,monthly,2.09,01/07/2020
West Midlands Region,E12000005,2020-07,5449,monthly,2.96,01/07/2020
London,E12000007,2020-08,6148,monthly,3.53,01/08/2020
North East,E12000001,2020-08,2920,monthly,0.08,01/08/2020
South East,E12000008,2020-08,9855,monthly,2.08,01/08/2020
South West,E12000009,2020-08,6477,monthly,2.65,01/08/2020
West Midlands Region,E12000005,2020-08,5471,monthly,2.8,01/08/2020
London,E12000007,2020-09,7087,monthly,3.37,01/09/2020
North East,E12000001,2020-09,3063,monthly,2.18,01/09/2020
South East,E12000008,2020-09,11245,monthly,2.52,01/09/2020
South West,E12000009,2020-09,7310,monthly,4.23,01/09/2020
West Midlands Region,E12000005,2020-09,5769,monthly,3.4,01/09/2020
London,E12000007,2020-10,8083,monthly,2.87,01/10/2020
North East,E12000001,2020-10,3921,monthly,4.17,01/10/2020
South East,E12000008,2020-10,13862,monthly,3.17,01/10/2020
South West,E12000009,2020-10,9373,monthly,5.06,01/10/2020
West Midlands Region,E12000005,2020-10,7473,monthly,4.42,01/10/2020
London,E12000007,2020-11,7825,monthly,5.5,01/11/2020
North East,E12000001,2020-11,3675,monthly,6.07,01/11/2020
South East,E12000008,2020-11,13969,monthly,4.51,01/11/2020
South West,E12000009,2020-11,9128,monthly,6.49,01/11/2020
West Midlands Region,E12000005,2020-11,7174,monthly,5.12,01/11/2020
London,E12000007,2020-12,9201,monthly,3.14,01/12/2020
North East,E12000001,2020-12,3883,monthly,7.48,01/12/2020
South East,E12000008,2020-12,15999,monthly,5.11,01/12/2020
South West,E12000009,2020-12,10808,monthly,7.85,01/12/2020
West Midlands Region,E12000005,2020-12,8128,monthly,7.7,01/12/2020
London,E12000007,2021-01,7398,monthly,4.87,01/01/2021
North East,E12000001,2021-01,2884,monthly,9.34,01/01/2021
South East,E12000008,2021-01,12652,monthly,5.86,01/01/2021
South West,E12000009,2021-01,7710,monthly,7.68,01/01/2021
West Midlands Region,E12000005,2021-01,6059,monthly,6.33,01/01/2021